Griggs County, North Dakota, USA
Corson County, South Dakota, USA
Davison County, South Dakota, USA
Titus County, Texas, USA
Cataño County, Puerto Rico, USA
Pierce County, North Dakota, USA
Montgomery County, Kansas, USA
Carlton County, Minnesota, USA
Salt Lake County, Utah, USA
Douglas County, Washington, USA
Rock County, Wisconsin, USA
Hamblen County, Tennessee, USA
St. Thomas County, United States Virgin Islands, USA
Weakley County, Tennessee, USA
Río Grande County, Puerto Rico, USA
Columbia County, Florida, USA
Wallace County, Kansas, USA
Wayne County, Illinois, USA
Gloucester County, Virginia, USA
Louisa County, Virginia, USA
Luna County, New Mexico, USA
Grayson County, Texas, USA
Weld County, Colorado, USA
Clarke County, Iowa, USA
Floyd County, Kentucky, USA
Lewis County, Washington, USA
Buffalo County, Wisconsin, USA
Dyer County, Tennessee, USA
Fannin County, Texas, USA
Maury County, Tennessee, USA
Bland County, Virginia, USA
Cayey County, Puerto Rico, USA
Otoe County, Nebraska, USA
Oldham County, Kentucky, USA
Camden County, Missouri, USA
Manatee County, Florida, USA
Stewart County, Georgia, USA
Toombs County, Georgia, USA
Perry County, Kentucky, USA
Baltimore County, Maryland, USA
Sumter County, South Carolina, USA
Tallapoosa County, Alabama, USA
Saguache County, Colorado, USA
Franklin County, Massachusetts, USA
Nantucket County, Massachusetts, USA
Amite County, Mississippi, USA
Cape May County, New Jersey, USA
Billings County, North Dakota, USA
Carroll County, Virginia, USA
Jo Daviess County, Illinois, USA
Stone County, Missouri, USA
Morris County, Texas, USA
New Kent County, Virginia, USA
Claiborne County, Louisiana, USA
Richmond County, Virginia, USA
Beaver County, Oklahoma, USA
Goliad County, Texas, USA
Uinta County, Wyoming, USA
Dawes County, Nebraska, USA
Mercer County, Ohio, USA
Fentress County, Tennessee, USA
Kiowa County, Colorado, USA
Franklin County, Louisiana, USA
Gonzales County, Texas, USA
Lafayette County, Wisconsin, USA
Pierce County, Nebraska, USA
Hamlin County, South Dakota, USA
Benton County, Tennessee, USA
Borden County, Texas, USA
Mitchell County, Texas, USA
Island County, Washington, USA
Coffee County, Tennessee, USA
Pepin County, Wisconsin, USA
Vieques County, Puerto Rico, USA
Davie County, North Carolina, USA
Crockett County, Tennessee, USA
Musselshell County, Montana, USA
Greene County, Ohio, USA
Cottle County, Texas, USA
Roanoke County, Virginia, USA
Stone County, Arkansas, USA
Pendleton County, Kentucky, USA
Union County, Kentucky, USA
Maries County, Missouri, USA
Richland County, Louisiana, USA
Putnam County, Missouri, USA
St. Clair County, Alabama, USA
Kearny County, Kansas, USA
Athens County, Ohio, USA
Nueces County, Texas, USA
Turner County, Georgia, USA
Hancock County, Georgia, USA
Noble County, Indiana, USA
Tioga County, New York, USA
De Baca County, New Mexico, USA
Livingston County, Illinois, USA
Knox County, Indiana, USA
Louisa County, Iowa, USA
Fauquier County, Virginia, USA
Shenandoah County, Virginia, USA
Caldwell County, Missouri, USA
Wexford County, Michigan, USA
Chaves County, New Mexico, USA
Jeff Davis County, Texas, USA
Lincoln County, Wisconsin, USA
Jones County, Mississippi, USA
Union County, Ohio, USA
Choctaw County, Oklahoma, USA
Rusk County, Texas, USA
Hillsborough County, Florida, USA
Jasper County, Illinois, USA
Leelanau County, Michigan, USA
Montmorency County, Michigan, USA
Torrance County, New Mexico, USA
Walsh County, North Dakota, USA
Cumberland County, Pennsylvania, USA
Dakota County, Nebraska, USA
Franklin County, Kentucky, USA
Bulloch County, Georgia, USA
Johnson County, Illinois, USA
Washington County, Iowa, USA
West Feliciana County, Louisiana, USA
Clay County, Kentucky, USA
Washington County, Maryland, USA
Fairfax County, Virginia, USA
Pottawatomie County, Oklahoma, USA
Mercer County, New Jersey, USA
George County, Mississippi, USA
Franklin County, Iowa, USA
Allen County, Kansas, USA
Roseau County, Minnesota, USA
Todd County, Minnesota, USA
Foard County, Texas, USA
Chautauqua County, New York, USA
Sweet Grass County, Montana, USA
Lake County, South Dakota, USA
Camp County, Texas, USA
Beaver County, Utah, USA
Nacogdoches County, Texas, USA
Red River County, Texas, USA
Cedar County, Nebraska, USA
Rowan County, North Carolina, USA
Spink County, South Dakota, USA
Vega Baja County, Puerto Rico, USA
Scotland County, North Carolina, USA
Nevada County, Arkansas, USA
Polk County, Florida, USA
McDonough County, Illinois, USA
Wyandotte County, Kansas, USA
Stonewall County, Texas, USA
Butler County, Ohio, USA
Crane County, Texas, USA
Eastland County, Texas, USA
Anson County, North Carolina, USA
Kauai County, Hawaii, USA
Kane County, Illinois, USA
Assumption County, Louisiana, USA
Scott County, Mississippi, USA
Henry County, Indiana, USA
Muskegon County, Michigan, USA
Crisp County, Georgia, USA
Dallas County, Arkansas, USA
Washita County, Oklahoma, USA
Guayanilla County, Puerto Rico, USA
Randolph County, Georgia, USA
Peach County, Georgia, USA
Keokuk County, Iowa, USA
Ottawa County, Ohio, USA
Somerset County, Pennsylvania, USA
Alpine County, California, USA
Cuyahoga County, Ohio, USA
Knox County, Ohio, USA
Adair County, Oklahoma, USA
Gilchrist County, Florida, USA
Okaloosa County, Florida, USA
Coconino County, Arizona, USA
Garrard County, Kentucky, USA
Lincoln County, Tennessee, USA
San Benito County, California, USA
Greene County, Indiana, USA
Queen Anne's County, Maryland, USA
Cook County, Minnesota, USA
Gilpin County, Colorado, USA
St. Charles County, Louisiana, USA
Jerauld County, South Dakota, USA
Cache County, Utah, USA
Hatillo County, Puerto Rico, USA
Seminole County, Oklahoma, USA
Sherman County, Oregon, USA
Lincoln County, South Dakota, USA
Toa Alta County, Puerto Rico, USA
Highland County, Ohio, USA
Daniels County, Montana, USA
Fairbanks North Star County, Alaska, USA
Washington County, Idaho, USA
Clark County, Illinois, USA
Trinity County, Texas, USA
Mecklenburg County, Virginia, USA
San Lorenzo County, Puerto Rico, USA
Brown County, Texas, USA
Rockcastle County, Kentucky, USA
Van Buren County, Michigan, USA
James City County, Virginia, USA
Black Hawk County, Iowa, USA
Bath County, Kentucky, USA
Cottonwood County, Minnesota, USA
Grant County, Minnesota, USA
Knox County, Texas, USA
King County, Washington, USA
Santa Isabel County, Puerto Rico, USA
Traill County, North Dakota, USA
Albemarle County, Virginia, USA
Converse County, Wyoming, USA
Brown County, Ohio, USA
Rosebud County, Montana, USA
Mitchell County, North Carolina, USA
Delaware County, Oklahoma, USA
Twiggs County, Georgia, USA
Uvalde County, Texas, USA
McCreary County, Kentucky, USA
Dimmit County, Texas, USA
Phelps County, Nebraska, USA
Caswell County, North Carolina, USA
Chester County, Tennessee, USA
Bennington County, Vermont, USA
Appomattox County, Virginia, USA
Perry County, Alabama, USA
Jennings County, Indiana, USA
Grand Traverse County, Michigan, USA
Orange County, Virginia, USA
Greene County, Mississippi, USA
Richland County, Ohio, USA
Lyman County, South Dakota, USA
Manassas Park County, Virginia, USA
Langlade County, Wisconsin, USA
Cidra County, Puerto Rico, USA
Cascade County, Montana, USA
Stark County, North Dakota, USA
Shawano County, Wisconsin, USA
Western County, American Samoa, USA
Putnam County, New York, USA
Tillamook County, Oregon, USA
Winnebago County, Wisconsin, USA
Richland County, South Carolina, USA
Bastrop County, Texas, USA
Hood County, Texas, USA
Van Zandt County, Texas, USA
Lincoln County, West Virginia, USA
Denver County, Colorado, USA
Montgomery County, Georgia, USA
Oconee County, Georgia, USA
Cerro Gordo County, Iowa, USA
Harrison County, Missouri, USA
Storey County, Nevada, USA
Madison County, New York, USA
Pickaway County, Ohio, USA
Phillips County, Arkansas, USA
Berrien County, Georgia, USA
Mitchell County, Iowa, USA
Catahoula County, Louisiana, USA
Kingman County, Kansas, USA
Randolph County, Missouri, USA
Edwards County, Texas, USA
Jackson County, Wisconsin, USA
Union County, New Mexico, USA
Butler County, Kentucky, USA
Merrimack County, New Hampshire, USA
Randolph County, Alabama, USA
Lake and Peninsula County, Alaska, USA
Jackson County, Kentucky, USA
Fillmore County, Minnesota, USA
Newton County, Indiana, USA
Allen County, Louisiana, USA
Calaveras County, California, USA
Pitkin County, Colorado, USA
Malheur County, Oregon, USA
Pickett County, Tennessee, USA
Fayette County, Texas, USA
Contra Costa County, California, USA
Clay County, Illinois, USA
Lincoln County, Nevada, USA
Wilson County, Texas, USA
Orange County, Vermont, USA
Klickitat County, Washington, USA
Blackford County, Indiana, USA
Lancaster County, Nebraska, USA
Amador County, California, USA
Piatt County, Illinois, USA
Jackson County, Kansas, USA
Aurora County, South Dakota, USA
Saipan County, Commonwealth of the Northern Mariana Islands, USA
Limestone County, Alabama, USA
Independence County, Arkansas, USA
Livingston County, Louisiana, USA
Montgomery County, Mississippi, USA
Warren County, New Jersey, USA
Hickman County, Kentucky, USA
Woodbury County, Iowa, USA
Labette County, Kansas, USA
Norton County, Kansas, USA
Adams County, Colorado, USA
Union County, Indiana, USA
Lake County, California, USA
Rio Blanco County, Colorado, USA
Cass County, Missouri, USA
Hancock County, Ohio, USA
Macon County, Alabama, USA
Wharton County, Texas, USA
Lee County, Alabama, USA
Ashley County, Arkansas, USA
Monroe County, Kentucky, USA
Brooks County, Georgia, USA
Doniphan County, Kansas, USA
Santa Fe County, New Mexico, USA
Wayne County, Pennsylvania, USA
Benton County, Missouri, USA
Bosque County, Texas, USA
Forest County, Wisconsin, USA
Juncos County, Puerto Rico, USA
Klamath County, Oregon, USA
Loudoun County, Virginia, USA
Madison County, Alabama, USA
Martin County, Florida, USA
Dawson County, Georgia, USA
Walker County, Texas, USA
Marshall County, Kentucky, USA
Caldwell County, Louisiana, USA
Jefferson County, Louisiana, USA
Kittson County, Minnesota, USA
Schuyler County, New York, USA
Kennebec County, Maine, USA
Fergus County, Montana, USA
Mason County, West Virginia, USA
Columbia County, Oregon, USA
Tooele County, Utah, USA
Valencia County, New Mexico, USA
Clinton County, New York, USA
Lyon County, Minnesota, USA
Starke County, Indiana, USA
Kandiyohi County, Minnesota, USA
Madison County, Nebraska, USA
Yadkin County, North Carolina, USA
Jasper County, Mississippi, USA
Refugio County, Texas, USA
DeSoto County, Florida, USA
Ballard County, Kentucky, USA
Clay County, Arkansas, USA
Mitchell County, Georgia, USA
Lee County, Iowa, USA
Wright County, Minnesota, USA
Chesapeake County, Virginia, USA
Taylor County, Wisconsin, USA
Moniteau County, Missouri, USA
Wright County, Missouri, USA
Baca County, Colorado, USA
Lower Connecticut River Valley County, Connecticut, USA
Tattnall County, Georgia, USA
Bonner County, Idaho, USA
Chisago County, Minnesota, USA
Duplin County, North Carolina, USA
Sebastian County, Arkansas, USA
Randolph County, Illinois, USA
Kiowa County, Kansas, USA
Greenup County, Kentucky, USA
Smith County, Mississippi, USA
Chattahoochee County, Georgia, USA
Adams County, Illinois, USA
Pike County, Pennsylvania, USA
Pierce County, Wisconsin, USA
Rincón County, Puerto Rico, USA
Riverside County, California, USA
Bent County, Colorado, USA
Fayette County, Indiana, USA
Madison County, Iowa, USA
Mason County, Kentucky, USA
Beaverhead County, Montana, USA
Otero County, New Mexico, USA
Potter County, Pennsylvania, USA
Grand Isle County, Vermont, USA
Frederick County, Virginia, USA
Scott County, Illinois, USA
Kossuth County, Iowa, USA
Routt County, Colorado, USA
Miller County, Georgia, USA
Danville County, Virginia, USA
Hawaii County, Hawaii, USA
Putnam County, Illinois, USA
Schoharie County, New York, USA
Ransom County, North Dakota, USA
Otter Tail County, Minnesota, USA
Pine County, Minnesota, USA
Ulster County, New York, USA
Marshall County, South Dakota, USA
Jefferson County, Florida, USA
Ozark County, Missouri, USA
Pierce County, Washington, USA
Mills County, Texas, USA
Grand County, Utah, USA
Amelia County, Virginia, USA
Washington County, Nebraska, USA
Putnam County, Florida, USA
Hancock County, West Virginia, USA
Greeley County, Nebraska, USA
Southeast Fairbanks County, Alaska, USA
Wayne County, West Virginia, USA
Linn County, Iowa, USA
Coffee County, Georgia, USA
Broomfield County, Colorado, USA
Decatur County, Kansas, USA
Woodford County, Illinois, USA
Logan County, Kansas, USA
Barren County, Kentucky, USA
Lenawee County, Michigan, USA
Brown County, South Dakota, USA
Howard County, Texas, USA
Lake County, Ohio, USA
San Mateo County, California, USA
Dixie County, Florida, USA
Tama County, Iowa, USA
Ionia County, Michigan, USA
Noxubee County, Mississippi, USA
Jackson County, Oregon, USA
Colfax County, New Mexico, USA
Conejos County, Colorado, USA
Beadle County, South Dakota, USA
Lauderdale County, Alabama, USA
Branch County, Michigan, USA
Sanders County, Montana, USA
Rogers County, Oklahoma, USA
Alexandria County, Virginia, USA
Benton County, Washington, USA
Western Connecticut County, Connecticut, USA
Washington County, Wisconsin, USA
Logan County, Illinois, USA
Pipestone County, Minnesota, USA
Texas County, Oklahoma, USA
Daggett County, Utah, USA
Sevier County, Utah, USA
Bradford County, Florida, USA
Clay County, Kansas, USA
Person County, North Carolina, USA
Jim Hogg County, Texas, USA
Johnson County, Texas, USA
Trujillo Alto County, Puerto Rico, USA
Johnson County, Georgia, USA
Mingo County, West Virginia, USA
Daviess County, Missouri, USA
Thayer County, Nebraska, USA
St. Helena County, Louisiana, USA
Plymouth County, Massachusetts, USA
Henry County, Missouri, USA
Bradley County, Arkansas, USA
Spencer County, Indiana, USA
Preble County, Ohio, USA
Beaver County, Pennsylvania, USA
Cattaraugus County, New York, USA
Washington County, New York, USA
Yancey County, North Carolina, USA
Custer County, Oklahoma, USA
Pennington County, South Dakota, USA
Dickens County, Texas, USA
Anoka County, Minnesota, USA
Zavala County, Texas, USA
Green Lake County, Wisconsin, USA
Monroe County, Florida, USA
Salinas County, Puerto Rico, USA
Emanuel County, Georgia, USA
Fountain County, Indiana, USA
Jasper County, Georgia, USA
Ascension County, Louisiana, USA
Faribault County, Minnesota, USA
Hennepin County, Minnesota, USA
Lake County, Minnesota, USA
Union County, South Dakota, USA
Stewart County, Tennessee, USA
Bell County, Texas, USA
Culebra County, Puerto Rico, USA
Walworth County, Wisconsin, USA
Washington County, Vermont, USA
Kodiak Island County, Alaska, USA
Union County, North Carolina, USA
Vilas County, Wisconsin, USA
Maunabo County, Puerto Rico, USA
Mobile County, Alabama, USA
Trimble County, Kentucky, USA
DeKalb County, Alabama, USA
Issaquena County, Mississippi, USA
Midland County, Michigan, USA
Clark County, Missouri, USA
DeWitt County, Texas, USA
Cass County, Illinois, USA
Leavenworth County, Kansas, USA
Jefferson County, Texas, USA
Lenoir County, North Carolina, USA
Cobb County, Georgia, USA
Hart County, Georgia, USA
Murray County, Georgia, USA
Antelope County, Nebraska, USA
Nance County, Nebraska, USA
Burleson County, Texas, USA
Cumberland County, Virginia, USA
Yakima County, Washington, USA
Pima County, Arizona, USA
Sumner County, Kansas, USA
Screven County, Georgia, USA
Mississippi County, Arkansas, USA
Morris County, Kansas, USA
Presque Isle County, Michigan, USA
Chippewa County, Minnesota, USA
Fisher County, Texas, USA
Wise County, Virginia, USA
Douglas County, Nebraska, USA
Thurston County, Nebraska, USA
Salem County, Virginia, USA
Seward County, Nebraska, USA
Morrow County, Oregon, USA
Scurry County, Texas, USA
Jackson County, Mississippi, USA
Bristol County, Rhode Island, USA
Jones County, South Dakota, USA
Granville County, North Carolina, USA
Kings County, California, USA
Mono County, California, USA
Paulding County, Georgia, USA
Wayne County, New York, USA
Giles County, Tennessee, USA
Mayagüez County, Puerto Rico, USA
Seward County, Kansas, USA
Jeff Davis County, Georgia, USA
York County, South Carolina, USA
Grant County, South Dakota, USA
Virginia Beach County, Virginia, USA
Hardy County, West Virginia, USA
Waukesha County, Wisconsin, USA
Linn County, Missouri, USA
Bath County, Virginia, USA
Sheridan County, Wyoming, USA
Bibb County, Alabama, USA
Bacon County, Georgia, USA
Imperial County, California, USA
Crawford County, Ohio, USA
Clarendon County, South Carolina, USA
Henderson County, Texas, USA
Montgomery County, Texas, USA
King and Queen County, Virginia, USA
Lancaster County, Virginia, USA
Smyth County, Virginia, USA
Cass County, Minnesota, USA
Cherokee County, Georgia, USA
Acadia County, Louisiana, USA
Baltimore County, Maryland, USA
Gallatin County, Kentucky, USA
East Baton Rouge County, Louisiana, USA
Newton County, Missouri, USA
Jefferson County, Idaho, USA
Shelby County, Ohio, USA
Montgomery County, Alabama, USA
Cannon County, Tennessee, USA
Camuy County, Puerto Rico, USA
Tyrrell County, North Carolina, USA
Perry County, Arkansas, USA
Ventura County, California, USA
Red Lake County, Minnesota, USA
Oneida County, New York, USA
Fayette County, Tennessee, USA
Bristol Bay County, Alaska, USA
Modoc County, California, USA
Monroe County, Georgia, USA
Umatilla County, Oregon, USA
Forsyth County, North Carolina, USA
Pamlico County, North Carolina, USA
Brunswick County, North Carolina, USA
Jefferson County, Colorado, USA
Pontotoc County, Oklahoma, USA
Atkinson County, Georgia, USA
Yazoo County, Mississippi, USA
Paulding County, Ohio, USA
Boone County, West Virginia, USA
Chowan County, North Carolina, USA
Houston County, Tennessee, USA
Pittsylvania County, Virginia, USA
Lincoln County, Wyoming, USA
Woodward County, Oklahoma, USA
Overton County, Tennessee, USA
Trinity County, California, USA
Buchanan County, Iowa, USA
Hettinger County, North Dakota, USA
Gallatin County, Illinois, USA
Bourbon County, Kentucky, USA
Reeves County, Texas, USA
Norfolk County, Virginia, USA
Clark County, Indiana, USA
Shiawassee County, Michigan, USA
Schoolcraft County, Michigan, USA
Surry County, North Carolina, USA
Dade County, Missouri, USA
Washington County, Virginia, USA
Dallas County, Alabama, USA
Solano County, California, USA
Oakland County, Michigan, USA
Hamilton County, Tennessee, USA
Roberts County, Texas, USA
Graham County, North Carolina, USA
Washakie County, Wyoming, USA
Weston County, Wyoming, USA
Bergen County, New Jersey, USA
Bronx County, New York, USA
Pembina County, North Dakota, USA
Ellis County, Oklahoma, USA
McCormick County, South Carolina, USA
Roanoke County, Virginia, USA
Vega Alta County, Puerto Rico, USA
Smith County, Kansas, USA
Luce County, Michigan, USA
Sullivan County, New Hampshire, USA
Belmont County, Ohio, USA
Juana Díaz County, Puerto Rico, USA
Monterey County, California, USA
Miami County, Kansas, USA
Hillsborough County, New Hampshire, USA
Dutchess County, New York, USA
Alameda County, California, USA
Irwin County, Georgia, USA
Eagle County, Colorado, USA
Dunn County, North Dakota, USA
Hemphill County, Texas, USA
Terrell County, Texas, USA
Floyd County, Virginia, USA
Oconto County, Wisconsin, USA
Williamson County, Illinois, USA
Suffolk County, Virginia, USA
Sampson County, North Carolina, USA
Hamilton County, Iowa, USA
Orleans County, Louisiana, USA
Miller County, Missouri, USA
New York County, New York, USA
Crook County, Oregon, USA
Gregg County, Texas, USA
Richmond County, Virginia, USA
Minidoka County, Idaho, USA
Posey County, Indiana, USA
Adams County, Iowa, USA
Fulton County, Kentucky, USA
Coosa County, Alabama, USA
Vermillion County, Indiana, USA
Brevard County, Florida, USA
Indian River County, Florida, USA
Carroll County, Georgia, USA
Oglethorpe County, Georgia, USA
Clearwater County, Minnesota, USA
Fayette County, Illinois, USA
Boulder County, Colorado, USA
Richland County, Illinois, USA
Somerset County, Maine, USA
Warren County, Pennsylvania, USA
Llano County, Texas, USA
Mayes County, Oklahoma, USA
San Bernardino County, California, USA
Lafayette County, Louisiana, USA
Georgetown County, South Carolina, USA
Stafford County, Virginia, USA
Breckinridge County, Kentucky, USA
Elliott County, Kentucky, USA
Choctaw County, Alabama, USA
Gosper County, Nebraska, USA
Upshur County, Texas, USA
Bleckley County, Georgia, USA
Jefferson County, Kansas, USA
Pawnee County, Oklahoma, USA
Hays County, Texas, USA
Columbia County, Arkansas, USA
Pueblo County, Colorado, USA
Wayne County, Iowa, USA
Phillips County, Kansas, USA
Cleveland County, Oklahoma, USA
McClain County, Oklahoma, USA
Garza County, Texas, USA
Nottoway County, Virginia, USA
Thomas County, Georgia, USA
Sioux County, North Dakota, USA
Montgomery County, Ohio, USA
Crowley County, Colorado, USA
Morgan County, Georgia, USA
Crawford County, Pennsylvania, USA
Ward County, Texas, USA
Clinton County, Kentucky, USA
Ouachita County, Louisiana, USA
Sherman County, Kansas, USA
Hunt County, Texas, USA
Windsor County, Vermont, USA
Harrison County, Indiana, USA
Bollinger County, Missouri, USA
King William County, Virginia, USA
Jefferson County, Washington, USA
Madison County, Texas, USA
Nevada County, California, USA
Floyd County, Georgia, USA
Grant County, Oklahoma, USA
Jack County, Texas, USA
Harrisonburg County, Virginia, USA
Onslow County, North Carolina, USA
Cleveland County, Arkansas, USA
Arthur County, Nebraska, USA
Burnet County, Texas, USA
Cochran County, Texas, USA
Salem County, New Jersey, USA
Meade County, Kentucky, USA
Eaton County, Michigan, USA
Lumpkin County, Georgia, USA
Tippecanoe County, Indiana, USA
Sutton County, Texas, USA
Martin County, Minnesota, USA
Waseca County, Minnesota, USA
Jackson County, Minnesota, USA
Chambers County, Alabama, USA
Kemper County, Mississippi, USA
Kalawao County, Hawaii, USA
Caribou County, Idaho, USA
Kent County, Maryland, USA
Warren County, Indiana, USA
Monroe County, Iowa, USA
Lake of the Woods County, Minnesota, USA
Allen County, Ohio, USA
Spartanburg County, South Carolina, USA
Harding County, South Dakota, USA
Kanawha County, West Virginia, USA
Park County, Montana, USA
Brown County, Kansas, USA
Caroline County, Maryland, USA
Webster County, West Virginia, USA
Johnson County, Nebraska, USA
Kenedy County, Texas, USA
Manitowoc County, Wisconsin, USA
Childress County, Texas, USA
Flagler County, Florida, USA
Lincoln County, Louisiana, USA
Hinds County, Mississippi, USA
Jefferson County, Montana, USA
Brooks County, Texas, USA
Union County, New Jersey, USA
Brantley County, Georgia, USA
Lonoke County, Arkansas, USA
Greater Bridgeport County, Connecticut, USA
Bibb County, Georgia, USA
Gratiot County, Michigan, USA
Polk County, Nebraska, USA
Edgefield County, South Carolina, USA
Horry County, South Carolina, USA
Tripp County, South Dakota, USA
Hancock County, Indiana, USA
Sullivan County, Missouri, USA
Williams County, North Dakota, USA
Addison County, Vermont, USA
Treutlen County, Georgia, USA
Ellis County, Kansas, USA
Watonwan County, Minnesota, USA
San Diego County, California, USA
Greene County, Georgia, USA
Worth County, Georgia, USA
Hamilton County, Indiana, USA
Hernando County, Florida, USA
Lee County, Florida, USA
Shelby County, Illinois, USA
Adams County, North Dakota, USA
Pike County, Georgia, USA
Lincoln County, Kansas, USA
Echols County, Georgia, USA
Washington County, Mississippi, USA
Wayne County, Mississippi, USA
Denton County, Texas, USA
Lipscomb County, Texas, USA
Prince of Wales-Hyder County, Alaska, USA
Bristol County, Virginia, USA
Anne Arundel County, Maryland, USA
St. Louis County, Missouri, USA
Tucker County, West Virginia, USA
Claiborne County, Tennessee, USA
Patrick County, Virginia, USA
Ciales County, Puerto Rico, USA
Rabun County, Georgia, USA
Fort Bend County, Texas, USA
Grays Harbor County, Washington, USA
Benewah County, Idaho, USA
Walker County, Georgia, USA
Cape Girardeau County, Missouri, USA
Hoke County, North Carolina, USA
York County, Virginia, USA
San Juan County, Washington, USA
Chicot County, Arkansas, USA
Van Buren County, Arkansas, USA
Coles County, Illinois, USA
Pope County, Illinois, USA
Grant County, Kansas, USA
Livingston County, Kentucky, USA
Gibson County, Indiana, USA
Sagadahoc County, Maine, USA
Manistee County, Michigan, USA
Darke County, Ohio, USA
Ralls County, Missouri, USA
St. Johns County, Florida, USA
Rock County, Minnesota, USA
Barranquitas County, Puerto Rico, USA
Chautauqua County, Kansas, USA
Baker County, Oregon, USA
Doddridge County, West Virginia, USA
Coos County, New Hampshire, USA
Boyd County, Nebraska, USA
Kimball County, Nebraska, USA
Wood County, Ohio, USA
Dickenson County, Virginia, USA
Prince George County, Virginia, USA
Cocke County, Tennessee, USA
Saratoga County, New York, USA
Crenshaw County, Alabama, USA
Grant County, Kentucky, USA
Jefferson Davis County, Louisiana, USA
Hardin County, Ohio, USA
Dillingham County, Alaska, USA
Page County, Iowa, USA
Clarke County, Mississippi, USA
McLean County, Illinois, USA
Dukes County, Massachusetts, USA
Butler County, Missouri, USA
Haskell County, Oklahoma, USA
Towner County, North Dakota, USA
Cambria County, Pennsylvania, USA
Greenville County, South Carolina, USA
Sanpete County, Utah, USA
Bay County, Florida, USA
Isanti County, Minnesota, USA
Clinton County, Iowa, USA
Washington County, Kansas, USA
Montcalm County, Michigan, USA
Valley County, Montana, USA
Barceloneta County, Puerto Rico, USA
Curry County, New Mexico, USA
Montgomery County, Virginia, USA
Hopewell County, Virginia, USA
Oregon County, Missouri, USA
Madison County, Montana, USA
Stanton County, Nebraska, USA
Fulton County, New York, USA
Bryan County, Georgia, USA
Crawford County, Illinois, USA
Pulaski County, Illinois, USA
Antrim County, Michigan, USA
Dewey County, Oklahoma, USA
Gentry County, Missouri, USA
Hardin County, Iowa, USA
Lewis County, Kentucky, USA
Keya Paha County, Nebraska, USA
Orleans County, New York, USA
Butte County, California, USA
Orange County, Florida, USA
Marion County, West Virginia, USA
Taos County, New Mexico, USA
Kit Carson County, Colorado, USA
Lajas County, Puerto Rico, USA
Merced County, California, USA
Knox County, Illinois, USA
Greene County, Arkansas, USA
Glades County, Florida, USA
Gwinnett County, Georgia, USA
Walton County, Georgia, USA
Vanderburgh County, Indiana, USA
Midland County, Texas, USA
Milwaukee County, Wisconsin, USA
Ohio County, Indiana, USA
Le Flore County, Oklahoma, USA
Hancock County, Kentucky, USA
Mineral County, Montana, USA
Deuel County, Nebraska, USA
Hayes County, Nebraska, USA
Pike County, Ohio, USA
Okfuskee County, Oklahoma, USA
Tipton County, Tennessee, USA
Adams County, Washington, USA
Comanche County, Oklahoma, USA
Murray County, Oklahoma, USA
Clackamas County, Oregon, USA
Sabine County, Texas, USA
Wood County, Texas, USA
Shelby County, Alabama, USA
Platte County, Nebraska, USA
Washington County, Oklahoma, USA
Wasco County, Oregon, USA
Cheyenne County, Kansas, USA
Navajo County, Arizona, USA
Grundy County, Tennessee, USA
Vernon County, Missouri, USA
Santa Clara County, California, USA
Appling County, Georgia, USA
Newport County, Rhode Island, USA
Pulaski County, Missouri, USA
Roosevelt County, Montana, USA
Mineral County, Nevada, USA
Marion County, Alabama, USA
Anderson County, Tennessee, USA
Stevens County, Washington, USA
Swains Island County, American Samoa, USA
Butler County, Nebraska, USA
Jefferson County, Oregon, USA
Elmore County, Idaho, USA
Humboldt County, Iowa, USA
Lafayette County, Arkansas, USA
Treasure County, Montana, USA
DeKalb County, Illinois, USA
Gove County, Kansas, USA
Sheridan County, Montana, USA
Winkler County, Texas, USA
Palm Beach County, Florida, USA
Lafourche County, Louisiana, USA
Kalkaska County, Michigan, USA
Orangeburg County, South Carolina, USA
Hyde County, North Carolina, USA
Lucas County, Ohio, USA
Lycoming County, Pennsylvania, USA
Patillas County, Puerto Rico, USA
Houston County, Alabama, USA
Allendale County, South Carolina, USA
Dodge County, Nebraska, USA
Mecklenburg County, North Carolina, USA
Deaf Smith County, Texas, USA
Emmet County, Iowa, USA
Pearl River County, Mississippi, USA
Benton County, Iowa, USA
Todd County, South Dakota, USA
Gaines County, Texas, USA
Fayette County, West Virginia, USA
Ford County, Illinois, USA
Throckmorton County, Texas, USA
Bon Homme County, South Dakota, USA
Summit County, Ohio, USA
Loudon County, Tennessee, USA
Whatcom County, Washington, USA
Northampton County, Virginia, USA
Washington County, Illinois, USA
Prince George's County, Maryland, USA
Hendricks County, Indiana, USA
Loup County, Nebraska, USA
Harper County, Kansas, USA
Pope County, Minnesota, USA
Nicollet County, Minnesota, USA
Sublette County, Wyoming, USA
Henry County, Georgia, USA
Clark County, Idaho, USA
Fleming County, Kentucky, USA
Lyon County, Kentucky, USA
Yolo County, California, USA
Porter County, Indiana, USA
Forest County, Pennsylvania, USA
Petersburg County, Alaska, USA
Floyd County, Indiana, USA
Butler County, Iowa, USA
Taylor County, Kentucky, USA
De Soto County, Louisiana, USA
St. John the Baptist County, Louisiana, USA
Charlotte County, Florida, USA
Harford County, Maryland, USA
Love County, Oklahoma, USA
Carroll County, Tennessee, USA
Chickasaw County, Iowa, USA
Autauga County, Alabama, USA
Collier County, Florida, USA
Newton County, Georgia, USA
Madison County, Missouri, USA
Hughes County, Oklahoma, USA
Portage County, Wisconsin, USA
Sheridan County, Kansas, USA
Carbon County, Utah, USA
Oswego County, New York, USA
Cabarrus County, North Carolina, USA
Martin County, North Carolina, USA
Fall River County, South Dakota, USA
Rockland County, New York, USA
Davidson County, North Carolina, USA
Wayne County, Missouri, USA
Cameron County, Texas, USA
McIntosh County, North Dakota, USA
Potter County, South Dakota, USA
Fayette County, Pennsylvania, USA
Gallia County, Ohio, USA
Major County, Oklahoma, USA
McLean County, Kentucky, USA
Woodford County, Kentucky, USA
Pike County, Mississippi, USA
Power County, Idaho, USA
Missaukee County, Michigan, USA
McLeod County, Minnesota, USA
Johnston County, Oklahoma, USA
Harris County, Texas, USA
Randolph County, Arkansas, USA
Nuckolls County, Nebraska, USA
Washburn County, Wisconsin, USA
Blaine County, Nebraska, USA
Lawrence County, Mississippi, USA
Hardin County, Texas, USA
Chittenden County, Vermont, USA
Dubuque County, Iowa, USA
Judith Basin County, Montana, USA
Logan County, Nebraska, USA
Sussex County, New Jersey, USA
Little River County, Arkansas, USA
Harris County, Georgia, USA
Ellsworth County, Kansas, USA
Franklin County, Indiana, USA
Franklin County, Illinois, USA
Summit County, Colorado, USA
Bear Lake County, Idaho, USA
Maricopa County, Arizona, USA
Franklin County, Georgia, USA
Osceola County, Michigan, USA
Union County, Oregon, USA
Blanco County, Texas, USA
Callahan County, Texas, USA
Racine County, Wisconsin, USA
Washington County, Colorado, USA
Muscatine County, Iowa, USA
Hampden County, Massachusetts, USA
Baldwin County, Georgia, USA
Effingham County, Illinois, USA
Frio County, Texas, USA
Queens County, New York, USA
Tuscola County, Michigan, USA
Tioga County, Pennsylvania, USA
Lewis County, Missouri, USA
Webster County, Nebraska, USA
Monona County, Iowa, USA
Pottawatomie County, Kansas, USA
Tuscarawas County, Ohio, USA
Moore County, North Carolina, USA
Custer County, South Dakota, USA
Taylor County, Iowa, USA
Knox County, Kentucky, USA
Dorchester County, Maryland, USA
Jackson County, Texas, USA
Logan County, West Virginia, USA
Dorado County, Puerto Rico, USA
Perquimans County, North Carolina, USA
Muhlenberg County, Kentucky, USA
Furnas County, Nebraska, USA
Scott County, Iowa, USA
Stillwater County, Montana, USA
Jefferson County, New York, USA
Ward County, North Dakota, USA
Garfield County, Oklahoma, USA
Lares County, Puerto Rico, USA
Ouachita County, Arkansas, USA
Clay County, Minnesota, USA
Crawford County, Missouri, USA
Trempealeau County, Wisconsin, USA
Towns County, Georgia, USA
Massac County, Illinois, USA
Reno County, Kansas, USA
Sedgwick County, Kansas, USA
Wicomico County, Maryland, USA
Cavalier County, North Dakota, USA
McCurtain County, Oklahoma, USA
Columbia County, Pennsylvania, USA
Erie County, New York, USA
Box Elder County, Utah, USA
Rawlins County, Kansas, USA
Stafford County, Kansas, USA
Somerset County, New Jersey, USA
Clatsop County, Oregon, USA
St. Croix County, Wisconsin, USA
Rockwall County, Texas, USA
Charlottesville County, Virginia, USA
Clark County, Wisconsin, USA
Dallam County, Texas, USA
Clay County, Indiana, USA
Lee County, Texas, USA
Cherry County, Nebraska, USA
Nassau County, New York, USA
Kearney County, Nebraska, USA
Ellis County, Texas, USA
Rutherford County, North Carolina, USA
Adams County, Pennsylvania, USA
Montour County, Pennsylvania, USA
Campbell County, South Dakota, USA
Grimes County, Texas, USA
Adair County, Kentucky, USA
Preston County, West Virginia, USA
Ottawa County, Oklahoma, USA
Colleton County, South Carolina, USA
Tuolumne County, California, USA
San Juan County, Colorado, USA
San Miguel County, Colorado, USA
Craig County, Virginia, USA
Clarion County, Pennsylvania, USA
Floyd County, Texas, USA
Gray County, Texas, USA
Clark County, Arkansas, USA
Grand County, Colorado, USA
Emmet County, Michigan, USA
Union County, Mississippi, USA
Lawrence County, Indiana, USA
Butler County, Alabama, USA
Schley County, Georgia, USA
Ware County, Georgia, USA
Wadena County, Minnesota, USA
Sumter County, Georgia, USA
Wells County, Indiana, USA
Riley County, Kansas, USA
Perry County, Missouri, USA
Pinellas County, Florida, USA
Pierce County, Georgia, USA
Neosho County, Kansas, USA
Calloway County, Kentucky, USA
Montgomery County, Maryland, USA
Genesee County, Michigan, USA
Prairie County, Arkansas, USA
Boundary County, Idaho, USA
Marshall County, Kansas, USA
Brazos County, Texas, USA
Zapata County, Texas, USA
Bingham County, Idaho, USA
Dundy County, Nebraska, USA
Cotton County, Oklahoma, USA
Bennett County, South Dakota, USA
Northern Islands County, Commonwealth of the Northern Mariana Islands, USA
Owyhee County, Idaho, USA
LaGrange County, Indiana, USA
Barry County, Missouri, USA
Dickinson County, Michigan, USA
Oscoda County, Michigan, USA
Colfax County, Nebraska, USA
Smith County, Texas, USA
Goshen County, Wyoming, USA
Haines County, Alaska, USA
Capitol County, Connecticut, USA
Powell County, Montana, USA
Perkins County, Nebraska, USA
Nowata County, Oklahoma, USA
Franklin County, Vermont, USA
Allegheny County, Pennsylvania, USA
Sunflower County, Mississippi, USA
Heard County, Georgia, USA
Randolph County, Indiana, USA
Montgomery County, North Carolina, USA
Watauga County, North Carolina, USA
Creek County, Oklahoma, USA
Ouray County, Colorado, USA
Talbot County, Maryland, USA
Warren County, Illinois, USA
Marion County, Indiana, USA
Jackson County, Tennessee, USA
Brewster County, Texas, USA
Caddo County, Oklahoma, USA
Brooke County, West Virginia, USA
Powder River County, Montana, USA
Marshall County, Minnesota, USA
Payne County, Oklahoma, USA
Crockett County, Texas, USA
Emery County, Utah, USA
Pendleton County, West Virginia, USA
Keweenaw County, Michigan, USA
Hoonah-Angoon County, Alaska, USA
Kusilvak County, Alaska, USA
Cherokee County, Kansas, USA
San Luis Obispo County, California, USA
Linn County, Kansas, USA
Anderson County, Kansas, USA
Hot Springs County, Wyoming, USA
Naranjito County, Puerto Rico, USA
Howell County, Missouri, USA
Laurens County, Georgia, USA
Dubois County, Indiana, USA
Tipton County, Indiana, USA
Castro County, Texas, USA
Rusk County, Wisconsin, USA
San Juan County, Puerto Rico, USA
Doña Ana County, New Mexico, USA
Upson County, Georgia, USA
Boone County, Illinois, USA
Quitman County, Georgia, USA
Stephens County, Georgia, USA
Mason County, Michigan, USA
Vernon County, Wisconsin, USA
St. Charles County, Missouri, USA
Gulf County, Florida, USA
Laurel County, Kentucky, USA
Taney County, Missouri, USA
Shelby County, Indiana, USA
Vermilion County, Illinois, USA
Linn County, Oregon, USA
Ohio County, West Virginia, USA
Atchison County, Missouri, USA
Bossier County, Louisiana, USA
Morgan County, Missouri, USA
Richland County, North Dakota, USA
Ector County, Texas, USA
Finney County, Kansas, USA
Warren County, North Carolina, USA
Sioux County, Nebraska, USA
Clark County, Ohio, USA
Hamilton County, Ohio, USA
Claiborne County, Mississippi, USA
Franklin County, Nebraska, USA
Panola County, Texas, USA
Holmes County, Ohio, USA
Warren County, Ohio, USA
Sanborn County, South Dakota, USA
Lorain County, Ohio, USA
Minnehaha County, South Dakota, USA
Aransas County, Texas, USA
Whitfield County, Georgia, USA
Allegan County, Michigan, USA
Geauga County, Ohio, USA
Merrick County, Nebraska, USA
Columbia County, Georgia, USA
Henry County, Illinois, USA
Alexander County, Illinois, USA
Appanoose County, Iowa, USA
Carlisle County, Kentucky, USA
Simpson County, Kentucky, USA
Piscataquis County, Maine, USA
Mahnomen County, Minnesota, USA
Brown County, Nebraska, USA
Liberty County, Georgia, USA
Webb County, Texas, USA
Yabucoa County, Puerto Rico, USA
Gila County, Arizona, USA
Sherman County, Nebraska, USA
Madison County, Louisiana, USA
Somerset County, Maryland, USA
Eddy County, North Dakota, USA
Elk County, Pennsylvania, USA
Knox County, Tennessee, USA
Prince William County, Virginia, USA
Grant County, Wisconsin, USA
Lincoln County, Minnesota, USA
Honolulu County, Hawaii, USA
Delaware County, Iowa, USA
Saline County, Illinois, USA
Pasquotank County, North Carolina, USA
Crook County, Wyoming, USA
Nelson County, Kentucky, USA
Monroe County, Mississippi, USA
Bradford County, Pennsylvania, USA
Macon County, Tennessee, USA
Clay County, Texas, USA
Clinton County, Ohio, USA
Mellette County, South Dakota, USA
Radford County, Virginia, USA
Garfield County, Colorado, USA
Cassia County, Idaho, USA
Putnam County, Indiana, USA
Dickinson County, Kansas, USA
Lawrence County, Ohio, USA
Morgan County, Ohio, USA
Carter County, Tennessee, USA
Colorado County, Texas, USA
Dolores County, Colorado, USA
Montezuma County, Colorado, USA
Catawba County, North Carolina, USA
San Jacinto County, Texas, USA
Comanche County, Texas, USA
Green County, Wisconsin, USA
Dooly County, Georgia, USA
Seminole County, Georgia, USA
Lincoln County, Maine, USA
Lassen County, California, USA
Bucks County, Pennsylvania, USA
Floyd County, Iowa, USA
Buckingham County, Virginia, USA
Austin County, Texas, USA
Haralson County, Georgia, USA
Kootenai County, Idaho, USA
Vernon County, Louisiana, USA
Ferry County, Washington, USA
Eddy County, New Mexico, USA
Las Animas County, Colorado, USA
Catoosa County, Georgia, USA
Jackson County, West Virginia, USA
Ceiba County, Puerto Rico, USA
Meagher County, Montana, USA
Howard County, Nebraska, USA
Rock County, Nebraska, USA
Scotland County, Missouri, USA
Yell County, Arkansas, USA
Santa Rosa County, Florida, USA
LaPorte County, Indiana, USA
Boone County, Missouri, USA
Emmons County, North Dakota, USA
Conway County, Arkansas, USA
Boone County, Indiana, USA
Early County, Georgia, USA
Morgan County, Illinois, USA
Lincoln County, Kentucky, USA
Jackson County, Missouri, USA
Carter County, Montana, USA
Highland County, Virginia, USA
Skamania County, Washington, USA
Menominee County, Wisconsin, USA
Russell County, Alabama, USA
Seminole County, Florida, USA
LaSalle County, Illinois, USA
Sullivan County, Indiana, USA
Cedar County, Iowa, USA
Buchanan County, Missouri, USA
Dallas County, Missouri, USA
Anderson County, Kentucky, USA
Harper County, Oklahoma, USA
Lamb County, Texas, USA
Garfield County, Utah, USA
Lincoln County, Nebraska, USA
Livingston County, New York, USA
Dickinson County, Iowa, USA
Chase County, Kansas, USA
Jackson County, South Dakota, USA
Van Buren County, Tennessee, USA
Isle of Wight County, Virginia, USA
Bandera County, Texas, USA
Mercer County, West Virginia, USA
Cullman County, Alabama, USA
Winston County, Alabama, USA
Lyon County, Kansas, USA
Neshoba County, Mississippi, USA
Rush County, Indiana, USA
Washington County, Florida, USA
Orange County, California, USA
Josephine County, Oregon, USA
Gurabo County, Puerto Rico, USA
Hendry County, Florida, USA
Crawford County, Georgia, USA
Stevens County, Kansas, USA
Perry County, Pennsylvania, USA
Iron County, Wisconsin, USA
Beaufort County, North Carolina, USA
Richmond County, North Carolina, USA
St. Landry County, Louisiana, USA
Logan County, Oklahoma, USA
Montgomery County, Tennessee, USA
Burlington County, New Jersey, USA
Moore County, Texas, USA
Wayne County, Tennessee, USA
Wheeler County, Oregon, USA
Greene County, North Carolina, USA
Pointe Coupee County, Louisiana, USA
Genesee County, New York, USA
Rich County, Utah, USA
Penobscot County, Maine, USA
Lane County, Kansas, USA
Stanton County, Kansas, USA
Washington County, Utah, USA
Androscoggin County, Maine, USA
Hardin County, Tennessee, USA
Caroline County, Virginia, USA
Sawyer County, Wisconsin, USA
Kern County, California, USA
Levy County, Florida, USA
DuPage County, Illinois, USA
Mitchell County, Kansas, USA
Ashtabula County, Ohio, USA
Washington County, Oregon, USA
La Crosse County, Wisconsin, USA
McCook County, South Dakota, USA
Iberia County, Louisiana, USA
Monroe County, New York, USA
Westchester County, New York, USA
Beaufort County, South Carolina, USA
Chouteau County, Montana, USA
Macon County, North Carolina, USA
Nash County, North Carolina, USA
Richmond County, Georgia, USA
Chenango County, New York, USA
Oneida County, Idaho, USA
Renville County, North Dakota, USA
Ashland County, Ohio, USA
Seneca County, Ohio, USA
Haskell County, Texas, USA
Thurston County, Washington, USA
Summers County, West Virginia, USA
Adams County, Wisconsin, USA
Gadsden County, Florida, USA
Union County, Florida, USA
Butler County, Kansas, USA
Hale County, Texas, USA
Kiowa County, Oklahoma, USA
Marshall County, Oklahoma, USA
Bedford County, Virginia, USA
Teller County, Colorado, USA
Daviess County, Indiana, USA
Clinton County, Michigan, USA
Hunterdon County, New Jersey, USA
Clay County, Iowa, USA
Coahoma County, Mississippi, USA
Calhoun County, Texas, USA
Hall County, Georgia, USA
Carroll County, Missouri, USA
Clark County, Kentucky, USA
Lincoln County, North Carolina, USA
Hidalgo County, Texas, USA
Northwest Hills County, Connecticut, USA
Brown County, Indiana, USA
Red Willow County, Nebraska, USA
Wyoming County, New York, USA
Morrow County, Ohio, USA
Pickens County, Georgia, USA
Koochiching County, Minnesota, USA
Chattooga County, Georgia, USA
Washington County, Georgia, USA
Duchesne County, Utah, USA
Noble County, Ohio, USA
Cherokee County, South Carolina, USA
Comal County, Texas, USA
Kerr County, Texas, USA
Stoddard County, Missouri, USA
Liberty County, Montana, USA
Monroe County, Tennessee, USA
Sullivan County, Tennessee, USA
Motley County, Texas, USA
Armstrong County, Texas, USA
Goochland County, Virginia, USA
Switzerland County, Indiana, USA
Davis County, Iowa, USA
Rio Grande County, Colorado, USA
Bannock County, Idaho, USA
Delaware County, Ohio, USA
Huron County, Michigan, USA
Lowndes County, Alabama, USA
Placer County, California, USA
Santa Cruz County, Arizona, USA
Whiteside County, Illinois, USA
Norfolk County, Massachusetts, USA
Sacramento County, California, USA
Forsyth County, Georgia, USA
Gilmer County, Georgia, USA
Wheeler County, Nebraska, USA
Brunswick County, Virginia, USA
Whitman County, Washington, USA
Wirt County, West Virginia, USA
Wood County, West Virginia, USA
Northampton County, North Carolina, USA
Henry County, Ohio, USA
Van Wert County, Ohio, USA
Barnwell County, South Carolina, USA
Eau Claire County, Wisconsin, USA
San Joaquin County, California, USA
Lawrence County, Illinois, USA
Comanche County, Kansas, USA
Knott County, Kentucky, USA
Jackson County, Georgia, USA
Rush County, Kansas, USA
Franklin County, Maine, USA
Johnson County, Missouri, USA
Bottineau County, North Dakota, USA
Mackinac County, Michigan, USA
Sequatchie County, Tennessee, USA
Howard County, Iowa, USA
Iberville County, Louisiana, USA
Alger County, Michigan, USA
Bolivar County, Mississippi, USA
Winnebago County, Iowa, USA
Marion County, Kentucky, USA
Redwood County, Minnesota, USA
Guánica County, Puerto Rico, USA
Moca County, Puerto Rico, USA
Sabine County, Louisiana, USA
Lincoln County, Colorado, USA
Mason County, Illinois, USA
Wichita County, Kansas, USA
Christian County, Kentucky, USA
Lincoln County, Oklahoma, USA
Hall County, Nebraska, USA
Schuyler County, Illinois, USA
Rockingham County, New Hampshire, USA
Johnson County, Wyoming, USA
Scioto County, Ohio, USA
Terry County, Texas, USA
Charles City County, Virginia, USA
Cowlitz County, Washington, USA
Trumbull County, Ohio, USA
Lake County, Oregon, USA
Tarrant County, Texas, USA
Rockbridge County, Virginia, USA
Sumter County, Alabama, USA
Lauderdale County, Mississippi, USA
Scott County, Kentucky, USA
Marion County, Mississippi, USA
Pickens County, South Carolina, USA
Meade County, South Dakota, USA
Pike County, Illinois, USA
Bayfield County, Wisconsin, USA
Essex County, Massachusetts, USA
Barton County, Missouri, USA
Warren County, Tennessee, USA
Atascosa County, Texas, USA
Shoshone County, Idaho, USA
Wilkin County, Minnesota, USA
Alachua County, Florida, USA
Vigo County, Indiana, USA
York County, Pennsylvania, USA
Jasper County, Missouri, USA
St. Lawrence County, New York, USA
Bertie County, North Carolina, USA
Coamo County, Puerto Rico, USA
Walker County, Alabama, USA
New Castle County, Delaware, USA
Greenwood County, Kansas, USA
Lawrence County, Kentucky, USA
Bienville County, Louisiana, USA
Fayette County, Iowa, USA
Banner County, Nebraska, USA
Cheyenne County, Colorado, USA
Delta County, Colorado, USA
Sumter County, Florida, USA
Ramsey County, North Dakota, USA
Lunenburg County, Virginia, USA
Pocahontas County, West Virginia, USA
Shawnee County, Kansas, USA
Adams County, Indiana, USA
Grundy County, Iowa, USA
Craig County, Oklahoma, USA
Benton County, Oregon, USA
Glasscock County, Texas, USA
Fresno County, California, USA
Stanislaus County, California, USA
Cameron County, Louisiana, USA
Caldwell County, Kentucky, USA
Fayette County, Kentucky, USA
Camden County, New Jersey, USA
Fremont County, Colorado, USA
Tift County, Georgia, USA
Andrew County, Missouri, USA
Dawson County, Nebraska, USA
Sauk County, Wisconsin, USA
Freeborn County, Minnesota, USA
Liberty County, Texas, USA
Wetzel County, West Virginia, USA
Allegany County, Maryland, USA
Sevier County, Arkansas, USA
Yellow Medicine County, Minnesota, USA
Morgan County, Tennessee, USA
Andrews County, Texas, USA
Collin County, Texas, USA
Lowndes County, Georgia, USA
Monroe County, Illinois, USA
Caledonia County, Vermont, USA
Alleghany County, Virginia, USA
Loíza County, Puerto Rico, USA
Lawrence County, Alabama, USA
Pike County, Alabama, USA
Yates County, New York, USA
St. Clair County, Missouri, USA
Union County, Iowa, USA
St. Mary's County, Maryland, USA
Wright County, Iowa, USA
Gunnison County, Colorado, USA
Ogemaw County, Michigan, USA
Perry County, Mississippi, USA
Orange County, Texas, USA
Tyler County, Texas, USA
Richland County, Wisconsin, USA
Mercer County, Missouri, USA
Lewis and Clark County, Montana, USA
Mercer County, Pennsylvania, USA
Newton County, Arkansas, USA
Holmes County, Florida, USA
Madison County, Illinois, USA
Lake County, Illinois, USA
Benton County, Minnesota, USA
Knox County, Nebraska, USA
Stanly County, North Carolina, USA
Mahoning County, Ohio, USA
Roane County, Tennessee, USA
Webster County, Louisiana, USA
Juniata County, Pennsylvania, USA
Luquillo County, Puerto Rico, USA
Bowman County, North Dakota, USA
Jefferson County, Tennessee, USA
Unicoi County, Tennessee, USA
Tompkins County, New York, USA
Erie County, Pennsylvania, USA
Roberts County, South Dakota, USA
Dougherty County, Georgia, USA
District of Columbia County, District of Columbia, USA
Stark County, Illinois, USA
Rooks County, Kansas, USA
Leake County, Mississippi, USA
Cheshire County, New Hampshire, USA
Silver Bow County, Montana, USA
Jefferson County, Iowa, USA
Amherst County, Virginia, USA
Waushara County, Wisconsin, USA
Utah County, Utah, USA
Dunklin County, Missouri, USA
Ottawa County, Michigan, USA
Clay County, Mississippi, USA
Custer County, Colorado, USA
Grady County, Georgia, USA
Muscogee County, Georgia, USA
Christian County, Missouri, USA
New Madrid County, Missouri, USA
Cayuga County, New York, USA
Jefferson County, Ohio, USA
Eastern County, American Samoa, USA
Desha County, Arkansas, USA
Southeastern Connecticut County, Connecticut, USA
Delaware County, Indiana, USA
Warrick County, Indiana, USA
Tangipahoa County, Louisiana, USA
Berrien County, Michigan, USA
Deschutes County, Oregon, USA
Gibson County, Tennessee, USA
Custer County, Idaho, USA
Miami County, Indiana, USA
Trego County, Kansas, USA
Comerío County, Puerto Rico, USA
Dare County, North Carolina, USA
Jasper County, Texas, USA
Marengo County, Alabama, USA
Butte County, Idaho, USA
White County, Illinois, USA
Crawford County, Iowa, USA
Geary County, Kansas, USA
Ottawa County, Kansas, USA
Morehouse County, Louisiana, USA
Missoula County, Montana, USA
Mercer County, North Dakota, USA
Fairfield County, Ohio, USA
Roger Mills County, Oklahoma, USA
Fremont County, Idaho, USA
Gem County, Idaho, USA
Osage County, Missouri, USA
Cumberland County, Tennessee, USA
Greenbrier County, West Virginia, USA
Marquette County, Wisconsin, USA
Coos County, Oregon, USA
Fairfield County, South Carolina, USA
Faulk County, South Dakota, USA
Steuben County, New York, USA
Coryell County, Texas, USA
Kendall County, Texas, USA
Franklin County, Pennsylvania, USA
Costilla County, Colorado, USA
Boise County, Idaho, USA
Cuming County, Nebraska, USA
Northumberland County, Virginia, USA
Valley County, Idaho, USA
Carroll County, Iowa, USA
Johnson County, Arkansas, USA
Plaquemines County, Louisiana, USA
Pulaski County, Indiana, USA
Highlands County, Florida, USA
Charlton County, Georgia, USA
Wayne County, Georgia, USA
Real County, Texas, USA
Iowa County, Wisconsin, USA
Liberty County, Florida, USA
Buchanan County, Virginia, USA
Pleasants County, West Virginia, USA
Lincoln County, New Mexico, USA
Lawrence County, Tennessee, USA
Hall County, Texas, USA
Orleans County, Vermont, USA
Morovis County, Puerto Rico, USA
Concordia County, Louisiana, USA
Ramsey County, Minnesota, USA
Sherburne County, Minnesota, USA
Noble County, Oklahoma, USA
Newton County, Texas, USA
Galax County, Virginia, USA
Glacier County, Montana, USA
Garfield County, Nebraska, USA
Mesa County, Colorado, USA
Saline County, Arkansas, USA
Escambia County, Florida, USA
Oceana County, Michigan, USA
DeSoto County, Mississippi, USA
Forrest County, Mississippi, USA
Moultrie County, Illinois, USA
Clark County, South Dakota, USA
Walworth County, South Dakota, USA
Greene County, Tennessee, USA
Big Horn County, Montana, USA
Burleigh County, North Dakota, USA
Scott County, Tennessee, USA
Sterling County, Texas, USA
Monongalia County, West Virginia, USA
Jackson County, Michigan, USA
Snyder County, Pennsylvania, USA
Kitsap County, Washington, USA
Carter County, Missouri, USA
Spalding County, Georgia, USA
Howard County, Maryland, USA
Mower County, Minnesota, USA
Camden County, Georgia, USA
Harrison County, Iowa, USA
McCracken County, Kentucky, USA
Nicholas County, West Virginia, USA
Washington County, Alabama, USA
Clinch County, Georgia, USA
Wapello County, Iowa, USA
Greene County, Alabama, USA
Calumet County, Wisconsin, USA
Traverse County, Minnesota, USA
Jefferson Davis County, Mississippi, USA
Hale County, Alabama, USA
Sitka County, Alaska, USA
Huerfano County, Colorado, USA
Coweta County, Georgia, USA
Greenlee County, Arizona, USA
Terrebonne County, Louisiana, USA
Big Stone County, Minnesota, USA
Bowie County, Texas, USA
Gasconade County, Missouri, USA
Laramie County, Wyoming, USA
Carolina County, Puerto Rico, USA
Northeastern Connecticut County, Connecticut, USA
Bartow County, Georgia, USA
Culberson County, Texas, USA
Telfair County, Georgia, USA
Chatham County, Georgia, USA
Middlesex County, Massachusetts, USA
Lavaca County, Texas, USA
Buena Vista County, Virginia, USA
Haakon County, South Dakota, USA
Poinsett County, Arkansas, USA
Gordon County, Georgia, USA
Edmonson County, Kentucky, USA
Aroostook County, Maine, USA
Socorro County, New Mexico, USA
Wallowa County, Oregon, USA
Dorchester County, South Carolina, USA
Lehigh County, Pennsylvania, USA
Santa Barbara County, California, USA
Ford County, Kansas, USA
McMinn County, Tennessee, USA
Greene County, Iowa, USA
Harlan County, Nebraska, USA
Lampasas County, Texas, USA
Garfield County, Washington, USA
Crawford County, Indiana, USA
McIntosh County, Oklahoma, USA
Anderson County, South Carolina, USA
Clay County, West Virginia, USA
Montgomery County, Indiana, USA
Dillon County, South Carolina, USA
Chesterfield County, Virginia, USA
Lee County, Arkansas, USA
Los Angeles County, California, USA
Dallas County, Iowa, USA
Johnson County, Iowa, USA
Montgomery County, Iowa, USA
Harlan County, Kentucky, USA
Kingfisher County, Oklahoma, USA
Venango County, Pennsylvania, USA
Hocking County, Ohio, USA
Butler County, Pennsylvania, USA
Robertson County, Texas, USA
Waller County, Texas, USA
Saline County, Nebraska, USA
Decatur County, Tennessee, USA
Natrona County, Wyoming, USA
Spencer County, Kentucky, USA
Archer County, Texas, USA
Hopkins County, Texas, USA
Campbell County, Wyoming, USA
Marion County, Iowa, USA
Charleston County, South Carolina, USA
Mora County, New Mexico, USA
Hansford County, Texas, USA
Marion County, Texas, USA
Howard County, Missouri, USA
Ontario County, New York, USA
Kenai Peninsula County, Alaska, USA
Burke County, Georgia, USA
Val Verde County, Texas, USA
Haywood County, North Carolina, USA
Marshall County, Mississippi, USA
Richmond County, New York, USA
Franklin County, North Carolina, USA
Teton County, Wyoming, USA
Franklin County, Idaho, USA
Renville County, Minnesota, USA
Hood River County, Oregon, USA
Cabell County, West Virginia, USA
Lake County, Florida, USA
Taylor County, Georgia, USA
Jackson County, North Carolina, USA
Baldwin County, Alabama, USA
Carter County, Kentucky, USA
St. Joseph County, Michigan, USA
Douglas County, Nevada, USA
Florida County, Puerto Rico, USA
Morgan County, Indiana, USA
Shelby County, Kentucky, USA
Warren County, Mississippi, USA
Aitkin County, Minnesota, USA
Franklin County, Ohio, USA
Newberry County, South Carolina, USA
Kenosha County, Wisconsin, USA
Sonoma County, California, USA
Hinsdale County, Colorado, USA
Lebanon County, Pennsylvania, USA
San Francisco County, California, USA
Prentiss County, Mississippi, USA
Perry County, Illinois, USA
Bethel County, Alaska, USA
Pocahontas County, Iowa, USA
Beauregard County, Louisiana, USA
Swift County, Minnesota, USA
Meigs County, Ohio, USA
Edgar County, Illinois, USA
West Baton Rouge County, Louisiana, USA
Hardin County, Kentucky, USA
Vinton County, Ohio, USA
Menard County, Texas, USA
Lincoln County, Washington, USA
Jefferson County, Missouri, USA
Twin Falls County, Idaho, USA
Grafton County, New Hampshire, USA
Sheridan County, North Dakota, USA
Clearfield County, Pennsylvania, USA
Barbour County, Alabama, USA
St. Clair County, Illinois, USA
Robertson County, Kentucky, USA
Etowah County, Alabama, USA
Faulkner County, Arkansas, USA
Sutter County, California, USA
Tulsa County, Oklahoma, USA
Itawamba County, Mississippi, USA
Valley County, Nebraska, USA
Chesterfield County, South Carolina, USA
Limestone County, Texas, USA
Edgecombe County, North Carolina, USA
Guayama County, Puerto Rico, USA
Stephenson County, Illinois, USA
McPherson County, Kansas, USA
Evans County, Georgia, USA
Sheridan County, Nebraska, USA
Smith County, Tennessee, USA
Gogebic County, Michigan, USA
Carroll County, Mississippi, USA
Culpeper County, Virginia, USA
Lyon County, Nevada, USA
Carroll County, Ohio, USA
Armstrong County, Pennsylvania, USA
Arroyo County, Puerto Rico, USA
Jasper County, Iowa, USA
Graves County, Kentucky, USA
Apache County, Arizona, USA
St. Bernard County, Louisiana, USA
Montgomery County, Missouri, USA
Campbell County, Tennessee, USA
Juneau County, Alaska, USA
Montgomery County, Arkansas, USA
Chester County, Pennsylvania, USA
Williamsburg County, South Carolina, USA
Rowan County, Kentucky, USA
Lac qui Parle County, Minnesota, USA
Staunton County, Virginia, USA
Dane County, Wisconsin, USA
Ingham County, Michigan, USA
Chambers County, Texas, USA
San Juan County, Utah, USA
Sullivan County, Pennsylvania, USA
Polk County, Texas, USA
Russell County, Virginia, USA
Lamar County, Alabama, USA
Bayamón County, Puerto Rico, USA
Greene County, Pennsylvania, USA
Bamberg County, South Carolina, USA
Brookings County, South Dakota, USA
Washington County, Texas, USA
Colonial Heights County, Virginia, USA
Lincoln County, Oregon, USA
Hampton County, South Carolina, USA
Sharp County, Arkansas, USA
Hancock County, Maine, USA
St. Louis County, Minnesota, USA
Sargent County, North Dakota, USA
Phelps County, Missouri, USA
Lawrence County, Arkansas, USA
Pike County, Kentucky, USA
Iron County, Missouri, USA
Transylvania County, North Carolina, USA
Canyon County, Idaho, USA
Lancaster County, Pennsylvania, USA
Wabash County, Indiana, USA
Breathitt County, Kentucky, USA
Menominee County, Michigan, USA
Oklahoma County, Oklahoma, USA
Monroe County, Missouri, USA
Tillman County, Oklahoma, USA
Greenwood County, South Carolina, USA
Nez Perce County, Idaho, USA
Hamilton County, Kansas, USA
Pulaski County, Kentucky, USA
Copper River County, Alaska, USA
Broward County, Florida, USA
Marion County, Oregon, USA
Cole County, Missouri, USA
Mason County, Washington, USA
Currituck County, North Carolina, USA
Northumberland County, Pennsylvania, USA
Marion County, South Carolina, USA
Miami County, Ohio, USA
Bexar County, Texas, USA
Orocovis County, Puerto Rico, USA
Ripley County, Missouri, USA
Chilton County, Alabama, USA
Washtenaw County, Michigan, USA
Le Sueur County, Minnesota, USA
Simpson County, Mississippi, USA
Bee County, Texas, USA
Live Oak County, Texas, USA
Van Buren County, Iowa, USA
Ross County, Ohio, USA
Cimarron County, Oklahoma, USA
Clay County, Tennessee, USA
Polk County, Arkansas, USA
Jones County, Iowa, USA
Wilson County, North Carolina, USA
McLennan County, Texas, USA
Southampton County, Virginia, USA
Niobrara County, Wyoming, USA
Seneca County, New York, USA
Fayette County, Alabama, USA
Monroe County, Ohio, USA
Boyle County, Kentucky, USA
Letcher County, Kentucky, USA
Logan County, Kentucky, USA
Monroe County, Michigan, USA
Vermilion County, Louisiana, USA
Beltrami County, Minnesota, USA
Williamson County, Tennessee, USA
Logan County, Colorado, USA
Broome County, New York, USA
Fond du Lac County, Wisconsin, USA
Hancock County, Iowa, USA
Elk County, Kansas, USA
Knox County, Maine, USA
Adams County, Mississippi, USA
Baxter County, Arkansas, USA
Lafayette County, Florida, USA
Macon County, Illinois, USA
Macoupin County, Illinois, USA
Pawnee County, Kansas, USA
Churchill County, Nevada, USA
Madera County, California, USA
Barnstable County, Massachusetts, USA
LaMoure County, North Dakota, USA
Centre County, Pennsylvania, USA
Douglas County, South Dakota, USA
Emporia County, Virginia, USA
Jay County, Indiana, USA
Sioux County, Iowa, USA
Niagara County, New York, USA
Alleghany County, North Carolina, USA
Cumberland County, North Carolina, USA
Jones County, North Carolina, USA
Dickey County, North Dakota, USA
Davidson County, Tennessee, USA
Laclede County, Missouri, USA
Effingham County, Georgia, USA
Union County, Louisiana, USA
Powhatan County, Virginia, USA
Madison County, Tennessee, USA
Clark County, Washington, USA
Scott County, Arkansas, USA
Sac County, Iowa, USA
Madison County, Georgia, USA
Jackson County, Illinois, USA
Lee County, Illinois, USA
Elkhart County, Indiana, USA
Boyd County, Kentucky, USA
Harrison County, Kentucky, USA
Whitley County, Kentucky, USA
Walton County, Florida, USA
DeKalb County, Georgia, USA
Yellowstone County, Montana, USA
Johnston County, North Carolina, USA
Jefferson County, Oklahoma, USA
Parmer County, Texas, USA
Portsmouth County, Virginia, USA
Baraga County, Michigan, USA
Cooper County, Missouri, USA
Laurens County, South Carolina, USA
McDowell County, North Carolina, USA
Rose Island County, American Samoa, USA
Lynn County, Texas, USA
Campbell County, Kentucky, USA
Owsley County, Kentucky, USA
York County, Maine, USA
Essex County, New York, USA
Multnomah County, Oregon, USA
Stephens County, Texas, USA
Sabana Grande County, Puerto Rico, USA
Jackson County, Iowa, USA
Worcester County, Maryland, USA
Citrus County, Florida, USA
Otero County, Colorado, USA
Lanier County, Georgia, USA
Winnebago County, Illinois, USA
Logan County, Ohio, USA
Greer County, Oklahoma, USA
Cass County, Texas, USA
Las Marías County, Puerto Rico, USA
Toa Baja County, Puerto Rico, USA
Lake County, Colorado, USA
Troup County, Georgia, USA
Peoria County, Illinois, USA
Warren County, New York, USA
Burnett County, Wisconsin, USA
Rota County, Commonwealth of the Northern Mariana Islands, USA
Oktibbeha County, Mississippi, USA
Mineral County, West Virginia, USA
Cleburne County, Alabama, USA
Arapahoe County, Colorado, USA
Keith County, Nebraska, USA
Macon County, Georgia, USA
Dakota County, Minnesota, USA
Kanabec County, Minnesota, USA
Baker County, Florida, USA
Ripley County, Indiana, USA
Mohave County, Arizona, USA
Lamar County, Georgia, USA
McNairy County, Tennessee, USA
Auglaize County, Ohio, USA
Wasatch County, Utah, USA
Waynesboro County, Virginia, USA
Des Moines County, Iowa, USA
Marion County, Kansas, USA
Callaway County, Missouri, USA
San Saba County, Texas, USA
Calhoun County, Michigan, USA
Hanover County, Virginia, USA
Wyoming County, West Virginia, USA
Roscommon County, Michigan, USA
Randall County, Texas, USA
Howard County, Arkansas, USA
Marion County, Florida, USA
Cloud County, Kansas, USA
Quitman County, Mississippi, USA
Hamilton County, Nebraska, USA
Marshall County, Alabama, USA
Montgomery County, Illinois, USA
Steuben County, Indiana, USA
Graham County, Kansas, USA
Washington County, Kentucky, USA
Slope County, North Dakota, USA
Cowley County, Kansas, USA
Ziebach County, South Dakota, USA
Maverick County, Texas, USA
Lander County, Nevada, USA
Williams County, Ohio, USA
Deuel County, South Dakota, USA
Wayne County, Utah, USA
Dale County, Alabama, USA
Stone County, Mississippi, USA
Johnson County, Tennessee, USA
Petersburg County, Virginia, USA
Las Piedras County, Puerto Rico, USA
San Sebastián County, Puerto Rico, USA
Adams County, Nebraska, USA
Mineral County, Colorado, USA
Bureau County, Illinois, USA
Sandoval County, New Mexico, USA
Champaign County, Ohio, USA
Bryan County, Oklahoma, USA
Calhoun County, West Virginia, USA
Hanson County, South Dakota, USA
McPherson County, South Dakota, USA
Polk County, Georgia, USA
Warren County, Georgia, USA
Webster County, Iowa, USA
Nemaha County, Kansas, USA
Macomb County, Michigan, USA
Holmes County, Mississippi, USA
Panola County, Mississippi, USA
Grant County, Nebraska, USA
Chatham County, North Carolina, USA
Iredell County, North Carolina, USA
Hill County, Texas, USA
Kent County, Texas, USA
Lubbock County, Texas, USA
Piute County, Utah, USA
Halifax County, Virginia, USA
Ochiltree County, Texas, USA
San Patricio County, Texas, USA
Tyler County, West Virginia, USA
St. John County, United States Virgin Islands, USA
Monroe County, Alabama, USA
Adams County, Idaho, USA
Plymouth County, Iowa, USA
Green County, Kentucky, USA
Metcalfe County, Kentucky, USA
Houston County, Minnesota, USA
Mahaska County, Iowa, USA
Cibola County, New Mexico, USA
Crawford County, Arkansas, USA
Owen County, Indiana, USA
Pratt County, Kansas, USA
Ste. Genevieve County, Missouri, USA
Kidder County, North Dakota, USA
McHenry County, North Dakota, USA
St. Martin County, Louisiana, USA
Tulare County, California, USA
Jefferson County, Georgia, USA
Decatur County, Indiana, USA
Atchison County, Kansas, USA
McKenzie County, North Dakota, USA
Young County, Texas, USA
Clark County, Kansas, USA
Anderson County, Texas, USA
McDowell County, West Virginia, USA
Sierra County, New Mexico, USA
Nemaha County, Nebraska, USA
Passaic County, New Jersey, USA
Caguas County, Puerto Rico, USA
Chaffee County, Colorado, USA
Allamakee County, Iowa, USA
Stanley County, South Dakota, USA
Jim Wells County, Texas, USA
Prince Edward County, Virginia, USA
Barnes County, North Dakota, USA
Darlington County, South Carolina, USA
Utuado County, Puerto Rico, USA
Cherokee County, Iowa, USA
Pennington County, Minnesota, USA
Union County, Arkansas, USA
Lincoln County, Mississippi, USA
Miller County, Arkansas, USA
McIntosh County, Georgia, USA
Union County, Illinois, USA
St. James County, Louisiana, USA
Shelby County, Iowa, USA
Adjuntas County, Puerto Rico, USA
Añasco County, Puerto Rico, USA
Gage County, Nebraska, USA
Kings County, New York, USA
Jackson County, Arkansas, USA
Tippah County, Mississippi, USA
Golden Valley County, North Dakota, USA
Magoffin County, Kentucky, USA
Audrain County, Missouri, USA
Republic County, Kansas, USA
Webster County, Missouri, USA
Washoe County, Nevada, USA
Charles Mix County, South Dakota, USA
Garden County, Nebraska, USA
Hitchcock County, Nebraska, USA
Wood County, Wisconsin, USA
Covington County, Alabama, USA
Lincoln County, Arkansas, USA
White County, Georgia, USA
Ashe County, North Carolina, USA
Henderson County, Kentucky, USA
Tallahatchie County, Mississippi, USA
Kleberg County, Texas, USA
Sarasota County, Florida, USA
Clinton County, Pennsylvania, USA
Bremer County, Iowa, USA
Webster County, Mississippi, USA
Pettis County, Missouri, USA
Clay County, Nebraska, USA
Victoria County, Texas, USA
Poquoson County, Virginia, USA
Iron County, Utah, USA
King George County, Virginia, USA
Bullitt County, Kentucky, USA
Lea County, New Mexico, USA
Montgomery County, Pennsylvania, USA
Lee County, Virginia, USA
Sierra County, California, USA
Bond County, Illinois, USA
Texas County, Missouri, USA
Pulaski County, Arkansas, USA
Douglas County, Georgia, USA
Kalamazoo County, Michigan, USA
Newaygo County, Michigan, USA
Kewaunee County, Wisconsin, USA
Delaware County, Pennsylvania, USA
Kingsbury County, South Dakota, USA
Hardeman County, Tennessee, USA
Pecos County, Texas, USA
Montrose County, Colorado, USA
Del Norte County, California, USA
Warren County, Iowa, USA
Copiah County, Mississippi, USA
Morgan County, Colorado, USA
St. Tammany County, Louisiana, USA
Grand Forks County, North Dakota, USA
Worth County, Missouri, USA
Clare County, Michigan, USA
Bourbon County, Kansas, USA
St. Clair County, Michigan, USA
Cass County, Indiana, USA
Osborne County, Kansas, USA
Holt County, Nebraska, USA
Travis County, Texas, USA
Lee County, North Carolina, USA
Maui County, Hawaii, USA
Benton County, Arkansas, USA
Izard County, Arkansas, USA
Jenkins County, Georgia, USA
Ketchikan Gateway County, Alaska, USA
Candler County, Georgia, USA
Pulaski County, Georgia, USA
Buena Vista County, Iowa, USA
Thomas County, Kansas, USA
Clearwater County, Idaho, USA
Iroquois County, Illinois, USA
Franklin County, Virginia, USA
Glascock County, Georgia, USA
Lewis County, Idaho, USA
Pemiscot County, Missouri, USA
Douglas County, Minnesota, USA
Dauphin County, Pennsylvania, USA
Morgan County, Alabama, USA
Marinette County, Wisconsin, USA
Vance County, North Carolina, USA
Aleutians West County, Alaska, USA
Union County, Georgia, USA
Douglas County, Missouri, USA
Halifax County, North Carolina, USA
Arkansas County, Arkansas, USA
Mecosta County, Michigan, USA
Wyandot County, Ohio, USA
Hand County, South Dakota, USA
Polk County, Tennessee, USA
Fairfax County, Virginia, USA
Clallam County, Washington, USA
Jefferson County, West Virginia, USA
Dodge County, Wisconsin, USA
Schenectady County, New York, USA
Meigs County, Tennessee, USA
Nobles County, Minnesota, USA
Habersham County, Georgia, USA
Flathead County, Montana, USA
Lee County, Georgia, USA
Reynolds County, Missouri, USA
Muskogee County, Oklahoma, USA
Champaign County, Illinois, USA
Becker County, Minnesota, USA
Hubbard County, Minnesota, USA
Sandusky County, Ohio, USA
Montague County, Texas, USA
Berkeley County, South Carolina, USA
Erath County, Texas, USA
Hampshire County, West Virginia, USA
Worth County, Iowa, USA
Steele County, Minnesota, USA
Adair County, Missouri, USA
Herkimer County, New York, USA
Cleburne County, Arkansas, USA
Clayton County, Georgia, USA
Daviess County, Kentucky, USA
Charlevoix County, Michigan, USA
Carbon County, Pennsylvania, USA
Albany County, Wyoming, USA
Pike County, Missouri, USA
Scott County, Missouri, USA
Divide County, North Dakota, USA
Yuma County, Colorado, USA
Martin County, Indiana, USA
Wayne County, Indiana, USA
Lauderdale County, Tennessee, USA
Randolph County, West Virginia, USA
Humacao County, Puerto Rico, USA
Livingston County, Missouri, USA
Stark County, Ohio, USA
Trigg County, Kentucky, USA
Calvert County, Maryland, USA
Pontotoc County, Mississippi, USA
Hughes County, South Dakota, USA
Bedford County, Tennessee, USA
Clarke County, Virginia, USA
Kittitas County, Washington, USA
Okmulgee County, Oklahoma, USA
Rhea County, Tennessee, USA
Shelby County, Tennessee, USA
Phillips County, Colorado, USA
Fulton County, Georgia, USA
Whitley County, Indiana, USA
Colbert County, Alabama, USA
Suffolk County, New York, USA
Scott County, Kansas, USA
DeKalb County, Missouri, USA
Isabella County, Michigan, USA
Murray County, Minnesota, USA
Schleicher County, Texas, USA
Wheeler County, Texas, USA
Petroleum County, Montana, USA
Grady County, Oklahoma, USA
Isabela County, Puerto Rico, USA
La Salle County, Texas, USA
Rapides County, Louisiana, USA
O'Brien County, Iowa, USA
Baker County, Georgia, USA
Greeley County, Kansas, USA
Shannon County, Missouri, USA
Jackson County, Florida, USA
Sussex County, Virginia, USA
Hancock County, Illinois, USA
Kendall County, Illinois, USA
Martin County, Kentucky, USA
Mason County, Texas, USA
Wilcox County, Alabama, USA
White County, Arkansas, USA
Day County, South Dakota, USA
Woodson County, Kansas, USA
Suffolk County, Massachusetts, USA
Washington County, Ohio, USA
Leon County, Texas, USA
Thomas County, Nebraska, USA
Carroll County, New Hampshire, USA
Blair County, Pennsylvania, USA
Hudspeth County, Texas, USA
Caldwell County, North Carolina, USA
Schuyler County, Missouri, USA
Washington County, Rhode Island, USA
Bradley County, Tennessee, USA
Henry County, Kentucky, USA
Buffalo County, Nebraska, USA
Pasco County, Florida, USA
Menard County, Illinois, USA
Pike County, Arkansas, USA
Kosciusko County, Indiana, USA
Prairie County, Montana, USA
Luzerne County, Pennsylvania, USA
Lamoille County, Vermont, USA
Warren County, Missouri, USA
Searcy County, Arkansas, USA
Glynn County, Georgia, USA
Calhoun County, Illinois, USA
Edwards County, Kansas, USA
Adair County, Iowa, USA
Mills County, Iowa, USA
Will County, Illinois, USA
Cass County, North Dakota, USA
Pend Oreille County, Washington, USA
Naguabo County, Puerto Rico, USA
Lawrence County, Missouri, USA
Medina County, Ohio, USA
Winona County, Minnesota, USA
Runnels County, Texas, USA
Hot Spring County, Arkansas, USA
Brown County, Illinois, USA
Park County, Colorado, USA
Wilson County, Kansas, USA
Leslie County, Kentucky, USA
Lewis County, Tennessee, USA
Yamhill County, Oregon, USA
Taliaferro County, Georgia, USA
Jewell County, Kansas, USA
Houston County, Texas, USA
Barbour County, West Virginia, USA
Pulaski County, Virginia, USA
Sedgwick County, Colorado, USA
Hamilton County, Florida, USA
Wheeler County, Georgia, USA
Teton County, Idaho, USA
Jefferson County, Illinois, USA
Lake County, Indiana, USA
Alcona County, Michigan, USA
Guernsey County, Ohio, USA
Bailey County, Texas, USA
Trousdale County, Tennessee, USA
Juab County, Utah, USA
Scott County, Virginia, USA
De Witt County, Illinois, USA
Russell County, Kentucky, USA
Sevier County, Tennessee, USA
Coke County, Texas, USA
Norton County, Virginia, USA
Wahkiakum County, Washington, USA
Dallas County, Texas, USA
Lake County, Montana, USA
Chase County, Nebraska, USA
Barron County, Wisconsin, USA
Prowers County, Colorado, USA
Cook County, Illinois, USA
Christian County, Illinois, USA
Hamilton County, Illinois, USA
Clayton County, Iowa, USA
Fredericksburg County, Virginia, USA
Sheboygan County, Wisconsin, USA
Lincoln County, Georgia, USA
Tunica County, Mississippi, USA
Morgan County, Utah, USA
Harding County, New Mexico, USA
Nome County, Alaska, USA
Calhoun County, Iowa, USA
Todd County, Kentucky, USA
Grenada County, Mississippi, USA
Sangamon County, Illinois, USA
Hart County, Kentucky, USA
Frederick County, Maryland, USA
Tehama County, California, USA
Colquitt County, Georgia, USA
Carson County, Texas, USA
Abbeville County, South Carolina, USA
Franklin County, Texas, USA
Franklin County, Washington, USA
Barrow County, Georgia, USA
Clarke County, Georgia, USA
Adams County, Ohio, USA
Fulton County, Ohio, USA
Hutchinson County, South Dakota, USA
Hardeman County, Texas, USA
Willacy County, Texas, USA
Millard County, Utah, USA
Henry County, Virginia, USA
Mathews County, Virginia, USA
Camden County, North Carolina, USA
Stokes County, North Carolina, USA
Wayne County, Nebraska, USA
Alamosa County, Colorado, USA
Carroll County, Illinois, USA
Winston County, Mississippi, USA
Coleman County, Texas, USA
Rains County, Texas, USA
Brown County, Wisconsin, USA
Chippewa County, Wisconsin, USA
Walthall County, Mississippi, USA
Cortland County, New York, USA
Cecil County, Maryland, USA
Dade County, Georgia, USA
Clinton County, Indiana, USA
Milam County, Texas, USA
Phillips County, Montana, USA
Cooke County, Texas, USA
Monroe County, Indiana, USA
Ida County, Iowa, USA
Jefferson County, Kentucky, USA
Jessamine County, Kentucky, USA
Yukon-Koyukuk County, Alaska, USA
Dearborn County, Indiana, USA
Henry County, Alabama, USA
Fremont County, Iowa, USA
Cleveland County, North Carolina, USA
Delta County, Texas, USA
Wibaux County, Montana, USA
Dunn County, Wisconsin, USA
Calhoun County, Georgia, USA
Cheboygan County, Michigan, USA
Lowndes County, Mississippi, USA
Plumas County, California, USA
Edwards County, Illinois, USA
Osage County, Oklahoma, USA
Perry County, Tennessee, USA
Dewey County, South Dakota, USA
Grainger County, Tennessee, USA
Arenac County, Michigan, USA
Benton County, Mississippi, USA
Clermont County, Ohio, USA
Spokane County, Washington, USA
Craven County, North Carolina, USA
Pitt County, North Carolina, USA
Calhoun County, Arkansas, USA
Stutsman County, North Dakota, USA
Payette County, Idaho, USA
Perry County, Indiana, USA
Lee County, South Carolina, USA
Hampton County, Virginia, USA
Knox County, Missouri, USA
Bullock County, Alabama, USA
Morton County, North Dakota, USA
San Augustine County, Texas, USA
Tinian County, Commonwealth of the Northern Mariana Islands, USA
Larue County, Kentucky, USA
Mille Lacs County, Minnesota, USA
Washington County, Pennsylvania, USA
Brazoria County, Texas, USA
Weber County, Utah, USA
Essex County, Virginia, USA
Grayson County, Virginia, USA
Big Horn County, Wyoming, USA
Albany County, New York, USA
Jones County, Georgia, USA
Decatur County, Georgia, USA
McCone County, Montana, USA
Polk County, Wisconsin, USA
Chariton County, Missouri, USA
Box Butte County, Nebraska, USA
Graham County, Arizona, USA
Lee County, Mississippi, USA
Hancock County, Tennessee, USA
Yankton County, South Dakota, USA
Macon County, Missouri, USA
Robeson County, North Carolina, USA
LaSalle County, Louisiana, USA
Humphreys County, Tennessee, USA
Duval County, Texas, USA
Woodruff County, Arkansas, USA
Fulton County, Pennsylvania, USA
Giles County, Virginia, USA
Stephens County, Oklahoma, USA
Marion County, Arkansas, USA
Grant County, Louisiana, USA
Jackson County, Ohio, USA
Lapeer County, Michigan, USA
Atoka County, Oklahoma, USA
Hidalgo County, New Mexico, USA
Carteret County, North Carolina, USA
New Hanover County, North Carolina, USA
Taylor County, West Virginia, USA
Wakulla County, Florida, USA
Bartholomew County, Indiana, USA
Saline County, Kansas, USA
Saunders County, Nebraska, USA
Roosevelt County, New Mexico, USA
Tom Green County, Texas, USA
Nelson County, Virginia, USA
Beckham County, Oklahoma, USA
McKean County, Pennsylvania, USA
Mendocino County, California, USA
Lemhi County, Idaho, USA
Geneva County, Alabama, USA
Gray County, Kansas, USA
Northampton County, Pennsylvania, USA
Jefferson County, Pennsylvania, USA
Falls Church County, Virginia, USA
Grant County, West Virginia, USA
St. Croix County, United States Virgin Islands, USA
Okeechobee County, Florida, USA
Menifee County, Kentucky, USA
Catron County, New Mexico, USA
Webster County, Georgia, USA
Cass County, Nebraska, USA
Harrison County, Mississippi, USA
St. Mary County, Louisiana, USA
Tensas County, Louisiana, USA
Ravalli County, Montana, USA
Page County, Virginia, USA
Grant County, Arkansas, USA
Kent County, Michigan, USA
Wells County, North Dakota, USA
Lafayette County, Missouri, USA
Cherokee County, Texas, USA
Kane County, Utah, USA
Madison County, Virginia, USA
Aguas Buenas County, Puerto Rico, USA
Henderson County, Illinois, USA
Garrett County, Maryland, USA
Grundy County, Missouri, USA
Talbot County, Georgia, USA
Madison County, Idaho, USA
Lexington County, South Carolina, USA
Dent County, Missouri, USA
Saline County, Missouri, USA
Buffalo County, South Dakota, USA
Clay County, South Dakota, USA
Marshall County, West Virginia, USA
Perkins County, South Dakota, USA
Bernalillo County, New Mexico, USA
Napa County, California, USA
Long County, Georgia, USA
West Carroll County, Louisiana, USA
Humboldt County, Nevada, USA
Charlotte County, Virginia, USA
Roane County, West Virginia, USA
East Carroll County, Louisiana, USA
Tate County, Mississippi, USA
Manatí County, Puerto Rico, USA
Lucas County, Iowa, USA
Rice County, Kansas, USA
Evangeline County, Louisiana, USA
Norman County, Minnesota, USA
Schuylkill County, Pennsylvania, USA
Collingsworth County, Texas, USA
Wise County, Texas, USA
Chelan County, Washington, USA
Platte County, Wyoming, USA
Montgomery County, New York, USA
Howard County, Indiana, USA
Ohio County, Kentucky, USA
Iron County, Michigan, USA
Putnam County, West Virginia, USA
Durham County, North Carolina, USA
Manassas County, Virginia, USA
Granite County, Montana, USA
Madison County, Florida, USA
Florence County, South Carolina, USA
Ponce County, Puerto Rico, USA
Marlboro County, South Carolina, USA
Rio Arriba County, New Mexico, USA
Ogle County, Illinois, USA
Hillsdale County, Michigan, USA
Indiana County, Pennsylvania, USA
Bledsoe County, Tennessee, USA
Donley County, Texas, USA
Tazewell County, Illinois, USA
Oliver County, North Dakota, USA
Kent County, Rhode Island, USA
Cheatham County, Tennessee, USA
Cabo Rojo County, Puerto Rico, USA
Steele County, North Dakota, USA
Huntingdon County, Pennsylvania, USA
Covington County, Mississippi, USA
Clay County, North Carolina, USA
Ozaukee County, Wisconsin, USA
El Paso County, Colorado, USA
Shelby County, Texas, USA
Middlesex County, New Jersey, USA
Kankakee County, Illinois, USA
Humboldt County, California, USA
Huntington County, Indiana, USA
Parke County, Indiana, USA
Kay County, Oklahoma, USA
Waupaca County, Wisconsin, USA
Garfield County, Montana, USA
Dixon County, Nebraska, USA
Calcasieu County, Louisiana, USA
Oconee County, South Carolina, USA
Spotsylvania County, Virginia, USA
Strafford County, New Hampshire, USA
Cumberland County, New Jersey, USA
Essex County, New Jersey, USA
Elbert County, Georgia, USA
Pawnee County, Nebraska, USA
Blount County, Alabama, USA
Johnson County, Indiana, USA
Bristol County, Massachusetts, USA
Attala County, Mississippi, USA
Haywood County, Tennessee, USA
Hamilton County, Texas, USA
McPherson County, Nebraska, USA
Elmore County, Alabama, USA
Leon County, Florida, USA
Decatur County, Iowa, USA
Sanilac County, Michigan, USA
Brown County, Minnesota, USA
Guthrie County, Iowa, USA
Cass County, Michigan, USA
Marion County, Tennessee, USA
Monmouth County, New Jersey, USA
Summit County, Utah, USA
Clarke County, Alabama, USA
Suwannee County, Florida, USA
Gates County, North Carolina, USA
Clay County, Missouri, USA
Madison County, Mississippi, USA
Martin County, Texas, USA
Harrison County, West Virginia, USA
Meriwether County, Georgia, USA
Haskell County, Kansas, USA
Morton County, Kansas, USA
Hopkins County, Kentucky, USA
Jefferson County, Arkansas, USA
Archuleta County, Colorado, USA
McDuffie County, Georgia, USA
Kinney County, Texas, USA
Banks County, Georgia, USA
Cherokee County, North Carolina, USA
Crow Wing County, Minnesota, USA
Humphreys County, Mississippi, USA
Washington County, Maine, USA
Sarpy County, Nebraska, USA
Osage County, Kansas, USA
Alcorn County, Mississippi, USA
Boone County, Iowa, USA
Otsego County, Michigan, USA
Itasca County, Minnesota, USA
Bonneville County, Idaho, USA
Palo Alto County, Iowa, USA
Toole County, Montana, USA
King County, Texas, USA
Idaho County, Idaho, USA
Johnson County, Kentucky, USA
Mississippi County, Missouri, USA
Yuma County, Arizona, USA
Mariposa County, California, USA
Okanogan County, Washington, USA
Carbon County, Wyoming, USA
Deer Lodge County, Montana, USA
Hampshire County, Massachusetts, USA
Aiken County, South Carolina, USA
Sweetwater County, Wyoming, USA
Defiance County, Ohio, USA
Curry County, Oregon, USA
Westmoreland County, Pennsylvania, USA
Upton County, Texas, USA
Williamsburg County, Virginia, USA
Outagamie County, Wisconsin, USA
Lincoln County, Missouri, USA
Wyoming County, Pennsylvania, USA
Dickson County, Tennessee, USA
Sherman County, Texas, USA
Clark County, Nevada, USA
Belknap County, New Hampshire, USA
Orange County, North Carolina, USA
Lawrence County, Pennsylvania, USA
Lincoln County, Idaho, USA
Perry County, Ohio, USA
Lane County, Oregon, USA
Henrico County, Virginia, USA
Fillmore County, Nebraska, USA
Medina County, Texas, USA
Raleigh County, West Virginia, USA
Benzie County, Michigan, USA
Moore County, Tennessee, USA
Parker County, Texas, USA
Barber County, Kansas, USA
Casey County, Kentucky, USA
Harmon County, Oklahoma, USA
Starr County, Texas, USA
Taylor County, Texas, USA
Yauco County, Puerto Rico, USA
Gloucester County, New Jersey, USA
Allegany County, New York, USA
Story County, Iowa, USA
Franklin County, Kansas, USA
Wayne County, Michigan, USA
St. Francis County, Arkansas, USA
Poweshiek County, Iowa, USA
Putnam County, Georgia, USA
Allen County, Indiana, USA
Benson County, North Dakota, USA
Jasper County, South Carolina, USA
Franklin County, New York, USA
Escambia County, Alabama, USA
Rockdale County, Georgia, USA
Scott County, Indiana, USA
Berks County, Pennsylvania, USA
Robertson County, Tennessee, USA
Franklin County, Virginia, USA
Greene County, Virginia, USA
Douglas County, Kansas, USA
Livingston County, Michigan, USA
Greene County, Illinois, USA
Marshall County, Illinois, USA
Logan County, Arkansas, USA
Clay County, Georgia, USA
Powell County, Kentucky, USA
Wayne County, Kentucky, USA
Barry County, Michigan, USA
Custer County, Montana, USA
Guadalupe County, New Mexico, USA
Dawson County, Texas, USA
Freestone County, Texas, USA
Martinsville County, Virginia, USA
Newport News County, Virginia, USA
Oneida County, Wisconsin, USA
Carson City County, Nevada, USA
Butte County, South Dakota, USA
Yoakum County, Texas, USA
Crawford County, Wisconsin, USA
Bladen County, North Carolina, USA
Marion County, Missouri, USA
Fulton County, Illinois, USA
McHenry County, Illinois, USA
Rankin County, Mississippi, USA
Mountrail County, North Dakota, USA
Licking County, Ohio, USA
Marion County, Ohio, USA
Guam County, Guam, USA
Clay County, Alabama, USA
Siskiyou County, California, USA
Lyon County, Iowa, USA
Harvey County, Kansas, USA
Wrangell County, Alaska, USA
Washington County, Arkansas, USA
Yuba County, California, USA
Mercer County, Kentucky, USA
Falls County, Texas, USA
Hockley County, Texas, USA
Grant County, Washington, USA
Manu'a County, American Samoa, USA
Obion County, Tennessee, USA
Lynchburg County, Virginia, USA
Bracken County, Kentucky, USA
Accomack County, Virginia, USA
White Pine County, Nevada, USA
Guadalupe County, Texas, USA
Pittsburg County, Oklahoma, USA
Canóvanas County, Puerto Rico, USA
Pope County, Arkansas, USA
Randolph County, North Carolina, USA
Coffey County, Kansas, USA
Woods County, Oklahoma, USA
Hawkins County, Tennessee, USA
Sumner County, Tennessee, USA
Wilson County, Tennessee, USA
Westmoreland County, Virginia, USA
Cedar County, Missouri, USA
Hickory County, Missouri, USA
Coffee County, Alabama, USA
Morgan County, Kentucky, USA
Chickasaw County, Mississippi, USA
Greene County, Missouri, USA
Santa Cruz County, California, USA
Codington County, South Dakota, USA
Jones County, Texas, USA
Price County, Wisconsin, USA
Calhoun County, Mississippi, USA
Hyde County, South Dakota, USA
Blount County, Tennessee, USA
Florence County, Wisconsin, USA
Hill County, Montana, USA
Ocean County, New Jersey, USA
Grant County, Oregon, USA
Asotin County, Washington, USA
Cumberland County, Kentucky, USA
Harrison County, Texas, USA
Warren County, Virginia, USA
Irion County, Texas, USA
Washington County, Missouri, USA
Morrison County, Minnesota, USA
Turner County, South Dakota, USA
Marin County, California, USA
Madison County, Arkansas, USA
Osceola County, Florida, USA
Chugach County, Alaska, USA
Pender County, North Carolina, USA
Coal County, Oklahoma, USA
Wagoner County, Oklahoma, USA
Crawford County, Kansas, USA
Shelby County, Missouri, USA
Richardson County, Nebraska, USA
Alamance County, North Carolina, USA
Union County, Tennessee, USA
Arlington County, Virginia, USA
Grant County, New Mexico, USA
Holt County, Missouri, USA
Eureka County, Nevada, USA
Ben Hill County, Georgia, USA
Mercer County, Illinois, USA
Carver County, Minnesota, USA
Fayette County, Georgia, USA
Canadian County, Oklahoma, USA
Gregory County, South Dakota, USA
Nolan County, Texas, USA
Columbia County, Wisconsin, USA
Douglas County, Wisconsin, USA
Aguadilla County, Puerto Rico, USA
Carbon County, Montana, USA
White County, Indiana, USA
Rice County, Minnesota, USA
Grant County, North Dakota, USA
Rensselaer County, New York, USA
Gaston County, North Carolina, USA
Rockingham County, North Carolina, USA
Franklin County, Missouri, USA
St. Francois County, Missouri, USA
Swain County, North Carolina, USA
Washington County, North Carolina, USA
Jefferson County, Alabama, USA
Duval County, Florida, USA
Goodhue County, Minnesota, USA
Lafayette County, Mississippi, USA
Uintah County, Utah, USA
Franklin County, Tennessee, USA
Navarro County, Texas, USA
McCulloch County, Texas, USA
Tazewell County, Virginia, USA
Estill County, Kentucky, USA
Coshocton County, Ohio, USA
Fremont County, Wyoming, USA
Hertford County, North Carolina, USA
Atlantic County, New Jersey, USA
Burke County, North Carolina, USA
Talladega County, Alabama, USA
Red River County, Louisiana, USA
Jerome County, Idaho, USA
Ringgold County, Iowa, USA
Hancock County, Mississippi, USA
Park County, Wyoming, USA
Carroll County, Maryland, USA
Reagan County, Texas, USA
Augusta County, Virginia, USA
Polk County, North Carolina, USA
Rutherford County, Tennessee, USA
Maricao County, Puerto Rico, USA
McDonald County, Missouri, USA
Fannin County, Georgia, USA
El Dorado County, California, USA
Winneshiek County, Iowa, USA
Wayne County, Ohio, USA
Putnam County, Tennessee, USA
Briscoe County, Texas, USA
Crosby County, Texas, USA
Columbus County, North Carolina, USA
Wilkes County, Georgia, USA
Russell County, Kansas, USA
McMullen County, Texas, USA
Williamson County, Texas, USA
St. Louis County, Missouri, USA
Pondera County, Montana, USA
Guilford County, North Carolina, USA
Elko County, Nevada, USA
Juneau County, Wisconsin, USA
Kent County, Delaware, USA
Oxford County, Maine, USA
Polk County, Missouri, USA
Fayette County, Ohio, USA
Sequoyah County, Oklahoma, USA
Lackawanna County, Pennsylvania, USA
Kershaw County, South Carolina, USA
McKinley County, New Mexico, USA
Franklin County, Alabama, USA
Jersey County, Illinois, USA
Ness County, Kansas, USA
Grayson County, Kentucky, USA
Madison County, Kentucky, USA
Guaynabo County, Puerto Rico, USA
Otsego County, New York, USA
Harnett County, North Carolina, USA
Drew County, Arkansas, USA
Yakutat County, Alaska, USA
Craighead County, Arkansas, USA
Hardin County, Illinois, USA
Kenton County, Kentucky, USA
Chippewa County, Michigan, USA
Surry County, Virginia, USA
Concho County, Texas, USA
Essex County, Vermont, USA
Covington County, Virginia, USA
Winchester County, Virginia, USA
Frontier County, Nebraska, USA
Hooker County, Nebraska, USA
Cross County, Arkansas, USA
Wilkinson County, Georgia, USA
Iosco County, Michigan, USA
Gilliam County, Oregon, USA
Cameron County, Pennsylvania, USA
Dodge County, Minnesota, USA
Ontonagon County, Michigan, USA
Jackson County, Colorado, USA
Houghton County, Michigan, USA
Yalobusha County, Mississippi, USA
Bates County, Missouri, USA
Yavapai County, Arizona, USA
Montgomery County, Kentucky, USA
Newton County, Mississippi, USA
El Paso County, Texas, USA
Garvin County, Oklahoma, USA
Jackson County, Oklahoma, USA
Monroe County, Wisconsin, USA
Ritchie County, West Virginia, USA
Skagway County, Alaska, USA
Boone County, Arkansas, USA
Miami-Dade County, Florida, USA
Marion County, Illinois, USA
Henry County, Iowa, USA
Cheyenne County, Nebraska, USA
Madison County, North Carolina, USA
Huron County, Ohio, USA
Susquehanna County, Pennsylvania, USA
Union County, Pennsylvania, USA
Monroe County, Pennsylvania, USA
Karnes County, Texas, USA
Loving County, Texas, USA
Hamilton County, New York, USA
Onondaga County, New York, USA
Richland County, Montana, USA
Polk County, Oregon, USA
Saluda County, South Carolina, USA
Caddo County, Louisiana, USA
Washington County, Minnesota, USA
Oglala Lakota County, South Dakota, USA
Blaine County, Montana, USA
Hartley County, Texas, USA
Davis County, Utah, USA
Platte County, Missouri, USA
Columbiana County, Ohio, USA
Morgan County, West Virginia, USA
Crittenden County, Arkansas, USA
Franklin County, Arkansas, USA
Washington County, Louisiana, USA
Teton County, Montana, USA
Wheatland County, Montana, USA
Quay County, New Mexico, USA
Alexander County, North Carolina, USA
Conecuh County, Alabama, USA
Winn County, Louisiana, USA
Wolfe County, Kentucky, USA
Logan County, North Dakota, USA
Wichita County, Texas, USA
Lexington County, Virginia, USA
Jefferson County, Nebraska, USA
Golden Valley County, Montana, USA
Cumberland County, Illinois, USA
Washington County, Indiana, USA
Sharkey County, Mississippi, USA
Douglas County, Oregon, USA
Kaufman County, Texas, USA
Caldwell County, Texas, USA
Wabash County, Illinois, USA
Douglas County, Illinois, USA
Calhoun County, Alabama, USA
Clinton County, Illinois, USA
Door County, Wisconsin, USA
Gallatin County, Montana, USA
York County, Nebraska, USA
Los Alamos County, New Mexico, USA
Taylor County, Florida, USA
Madison County, Indiana, USA
Nodaway County, Missouri, USA
Wake County, North Carolina, USA
Madison County, Ohio, USA
Skagit County, Washington, USA
San Germán County, Puerto Rico, USA
Carter County, Oklahoma, USA
Pacific County, Washington, USA
Orange County, New York, USA
St. Lucie County, Florida, USA
Henry County, Tennessee, USA
Aibonito County, Puerto Rico, USA
San Miguel County, New Mexico, USA
Carroll County, Kentucky, USA
Lincoln County, Montana, USA
Wythe County, Virginia, USA
Colusa County, California, USA
Putnam County, Ohio, USA
Chester County, South Carolina, USA
DeKalb County, Tennessee, USA
Pushmataha County, Oklahoma, USA
Columbia County, Washington, USA
Terrell County, Georgia, USA
Cass County, Iowa, USA
Saginaw County, Michigan, USA
Custer County, Nebraska, USA
Edmunds County, South Dakota, USA
Marshall County, Tennessee, USA
Swisher County, Texas, USA
Clinton County, Missouri, USA
Wabaunsee County, Kansas, USA
Owen County, Kentucky, USA
Avoyelles County, Louisiana, USA
East Feliciana County, Louisiana, USA
Angelina County, Texas, USA
Galveston County, Texas, USA
Dinwiddie County, Virginia, USA
Sullivan County, New York, USA
Jasper County, Indiana, USA
Iowa County, Iowa, USA
Muskingum County, Ohio, USA
Oldham County, Texas, USA
Scotts Bluff County, Nebraska, USA
Greene County, New York, USA
Avery County, North Carolina, USA
Bedford County, Pennsylvania, USA
Lake County, Tennessee, USA
Wilbarger County, Texas, USA
Monroe County, Arkansas, USA
Alpena County, Michigan, USA
Polk County, Minnesota, USA
Fulton County, Arkansas, USA
Franklin County, Florida, USA
Camas County, Idaho, USA
Campbell County, Virginia, USA
Pershing County, Nevada, USA
Olmsted County, Minnesota, USA
Hickman County, Tennessee, USA
Palo Pinto County, Texas, USA
Marathon County, Wisconsin, USA
Morris County, New Jersey, USA
Henderson County, North Carolina, USA
Cherokee County, Alabama, USA
Larimer County, Colorado, USA
Ada County, Idaho, USA
McLean County, North Dakota, USA
Somervell County, Texas, USA
Chemung County, New York, USA
Shasta County, California, USA
Marquette County, Michigan, USA
Foster County, North Dakota, USA
Burt County, Nebraska, USA
Marion County, Georgia, USA
Sibley County, Minnesota, USA
Cook County, Georgia, USA
Tishomingo County, Mississippi, USA
Franklin County, Mississippi, USA
St. Joseph County, Indiana, USA
Polk County, Iowa, USA
Gladwin County, Michigan, USA
Stearns County, Minnesota, USA
Rutland County, Vermont, USA
Gilmer County, West Virginia, USA
Upshur County, West Virginia, USA
Mifflin County, Pennsylvania, USA
Sully County, South Dakota, USA
Fluvanna County, Virginia, USA
Greensville County, Virginia, USA
Jackson County, Alabama, USA
Carroll County, Indiana, USA
Lee County, Kentucky, USA
Calhoun County, South Carolina, USA
Buncombe County, North Carolina, USA
Henderson County, Tennessee, USA
Gooding County, Idaho, USA
Nicholas County, Kentucky, USA
Blaine County, Idaho, USA
Nassau County, Florida, USA
Cumberland County, Maine, USA
Berkshire County, Massachusetts, USA
Fajardo County, Puerto Rico, USA
Boone County, Nebraska, USA
Ashland County, Wisconsin, USA
Inyo County, California, USA
Dodge County, Georgia, USA
Leflore County, Mississippi, USA
Hormigueros County, Puerto Rico, USA
Morrill County, Nebraska, USA
Jefferson County, Indiana, USA
Columbia County, New York, USA
Garland County, Arkansas, USA
Grundy County, Illinois, USA
Fulton County, Indiana, USA
Meeker County, Minnesota, USA
Marshall County, Indiana, USA
South Central Connecticut County, Connecticut, USA
Volusia County, Florida, USA
Gillespie County, Texas, USA
Matagorda County, Texas, USA
Pickens County, Alabama, USA
Allen County, Kentucky, USA
Crawford County, Michigan, USA
Rockingham County, Virginia, USA
Corozal County, Puerto Rico, USA
Waldo County, Maine, USA
Miner County, South Dakota, USA
Aguada County, Puerto Rico, USA
Quebradillas County, Puerto Rico, USA
Cherokee County, Oklahoma, USA
Harney County, Oregon, USA
Jefferson County, Wisconsin, USA
Butts County, Georgia, USA
Houston County, Georgia, USA
Esmeralda County, Nevada, USA
Barton County, Kansas, USA
Hodgeman County, Kansas, USA
Lewis County, New York, USA
Clay County, Florida, USA
Bell County, Kentucky, USA
Meade County, Kansas, USA
Portage County, Ohio, USA
White County, Tennessee, USA
Jackson County, Indiana, USA
Webster County, Kentucky, USA
Alfalfa County, Oklahoma, USA
Providence County, Rhode Island, USA
Braxton County, West Virginia, USA
Monroe County, West Virginia, USA
Arecibo County, Puerto Rico, USA
Hudson County, New Jersey, USA
Matanuska-Susitna County, Alaska, USA
Hempstead County, Arkansas, USA
Sussex County, Delaware, USA
Nelson County, North Dakota, USA
Moody County, South Dakota, USA
Botetourt County, Virginia, USA
Jayuya County, Puerto Rico, USA
La Plata County, Colorado, USA
Wilcox County, Georgia, USA
Jackson County, Louisiana, USA
Windham County, Vermont, USA
Philadelphia County, Pennsylvania, USA
Latah County, Idaho, USA
Lake County, Michigan, USA
Tuscaloosa County, Alabama, USA
Crittenden County, Kentucky, USA
Stevens County, Minnesota, USA
Lamar County, Mississippi, USA
North Slope County, Alaska, USA
Northwest Arctic County, Alaska, USA
Bay County, Michigan, USA
Blaine County, Oklahoma, USA
Lawrence County, South Dakota, USA
Lamar County, Texas, USA
Snohomish County, Washington, USA
Nye County, Nevada, USA
Wayne County, North Carolina, USA
Cochise County, Arizona, USA
Scott County, Minnesota, USA
Dawson County, Montana, USA
Boone County, Kentucky, USA
Elbert County, Colorado, USA
Naugatuck Valley County, Connecticut, USA
Marshall County, Iowa, USA
Worcester County, Massachusetts, USA
Charles County, Maryland, USA
Moffat County, Colorado, USA
Natchitoches County, Louisiana, USA
Lancaster County, South Carolina, USA
Washington County, Tennessee, USA
Kimble County, Texas, USA
Shackelford County, Texas, USA
Brule County, South Dakota, USA
Ray County, Missouri, USA
Anchorage County, Alaska, USA
Grant County, Indiana, USA
Jefferson County, Mississippi, USA
Pinal County, Arizona, USA
Rock Island County, Illinois, USA
Warren County, Kentucky, USA
Presidio County, Texas, USA
Villalba County, Puerto Rico, USA
Broadwater County, Montana, USA
Denali County, Alaska, USA
Glenn County, California, USA
Audubon County, Iowa, USA
Hutchinson County, Texas, USA
Wabasha County, Minnesota, USA
Potter County, Texas, USA
Calhoun County, Florida, USA
DeKalb County, Indiana, USA
Pike County, Indiana, USA
Pottawattamie County, Iowa, USA
Harrison County, Ohio, USA
Middlesex County, Virginia, USA
La Paz County, Arizona, USA
Rappahannock County, Virginia, USA
Berkeley County, West Virginia, USA
Carroll County, Arkansas, USA
Osceola County, Iowa, USA
Delta County, Michigan, USA
Blue Earth County, Minnesota, USA
San Juan County, New Mexico, USA
Latimer County, Oklahoma, USA
Union County, South Carolina, USA
Lewis County, West Virginia, USA
Wilkes County, North Carolina, USA
Burke County, North Dakota, USA
Fallon County, Montana, USA
Delaware County, New York, USA
Aleutians East County, Alaska, USA
Johnson County, Kansas, USA
Wilkinson County, Mississippi, USA
Choctaw County, Mississippi, USA
Clear Creek County, Colorado, USA
Benton County, Indiana, USA
Orange County, Indiana, USA
Rolette County, North Dakota, USA
Erie County, Ohio, USA
Hardee County, Florida, USA
Walla Walla County, Washington, USA
Douglas County, Colorado, USA
Baylor County, Texas, USA
Peñuelas County, Puerto Rico, USA
